440;54612;3.07;0.00;0.00;0.00;0.00;1037.55;1037.55;0.00;0.00;0.00;0.00;0.00;44330.00;44330.00;0.00;0.00;0.00;0.00;0.00;0.00;0.00;0.00;0.00;0;0;0;0;0;20;10;15.89;1.00;2.00;3.00;4.00;5.00;6.00;7.00;8.00;9.00;10.00;11.00;12.00;0.00;0;-113
441;54612;3.07;0.00;0.00;0.00;0.00;1037.55;1037.55;0.00;0.00;0.00;0.00;0.00;44330.00;44330.00;0.00;0.00;0.00;0.00;0.00;0.00;0.00;0.00;0.00;0;0;0;0;0;20;10;15.89;1.00;2.00;3.00;4.00;5.00;6.00;7.00;8.00;9.00;10.00;11.00;12.00;0.00;0;-112
442;54612;3.07;0.00;0.00;0.00;0.00;1037.55;1037.55;0.00;0.00;0.00;0.00;0.00;44330.00;44330.00;0.00;0.00;0.00;0.00;0.00;0.00;0.00;0.00;0.00;0;0;0;0;0;20;10;15.89;1.00;2.00;3.00;4.00;5.00;6.00;7.00;8.00;9.00;10.00;11.00;12.00;0.00;0;-114
444;54612;3.05;0.00;0.00;0.00;0.00;1037.55;1037.55;0.00;0.00;0.00;0.00;0.00;44330.00;44330.00;0.00;0.00;0.00;0.00;0.00;0.00;0.00;0.00;0.00;0;0;0;0;0;20;10;15.89;1.00;2.00;3.00;4.00;5.00;6.00;7.00;8.00;9.00;10.00;11.00;12.00;0.00;0;-116
446;54612;3.05;0.00;0.00;0.00;0.00;1037.55;1037.55;0.00;0.00;0.00;0.00;0.00;44330.00;44330.00;0.00;0.00;0.00;0.00;0.00;0.00;0.00;0.00;0.00;0;0;0;0;0;20;10;15.89;1.00;2.00;3.00;4.00;5.00;6.00;7.00;8.00;9.00;10.00;11.00;12.00;0.00;0;-113
447;54612;3.05;0.00;0.00;0.00;0.00;1037.55;1037.55;0.00;0.00;0.00;0.00;0.00;44330.00;44330.00;0.00;0.00;0.00;0.00;0.00;0.00;0.00;0.00;0.00;0;0;0;0;0;20;10;15.89;1.00;2.00;3.00;4.00;5.00;6.00;7.00;8.00;9.00;10.00;11.00;12.00;0.00;0;-113
448;54612;3.05;0.00;0.00;0.00;0.00;1037.55;1037.55;0.00;0.00;0.00;0.00;0.00;44330.00;44330.00;0.00;0.00;0.00;0.00;0.00;0.00;0.00;0.00;0.00;0;0;0;0;0;20;10;15.89;1.00;2.00;3.00;4.00;5.00;6.00;7.00;8.00;9.00;10.00;11.00;12.00;0.00;0;-115
449;54612;3.05;0.00;0.00;0.00;0.00;1037.55;1037.55;0.00;0.00;0.00;0.00;0.00;44330.00;44330.00;0.00;0.00;0.00;0.00;0.00;0.00;0.00;0.00;0.00;0;0;0;0;0;20;10;15.89;1.00;2.00;3.00;4.00;5.00;6.00;7.00;8.00;9.00;10.00;11.00;12.00;0.00;0;-114
450;54612;3.05;0.00;0.00;0.00;0.00;1037.55;1037.55;0.00;0.00;0.00;0.00;0.00;44330.00;44330.00;0.00;0.00;0.00;0.00;0.00;0.00;0.00;0.00;0.00;0;0;0;0;0;20;10;15.89;1.00;2.00;3.00;4.00;5.00;6.00;7.00;8.00;9.00;10.00;11.00;12.00;0.00;0;-111
451;54612;3.12;0.00;0.00;0.00;0.00;1037.55;1037.55;0.00;0.00;0.00;0.00;0.00;44330.00;44330.00;0.00;0.00;0.00;0.00;0.00;0.00;0.00;0.00;0.00;0;0;0;0;0;20;10;15.89;1.00;2.00;3.00;4.00;5.00;6.00;7.00;8.00;9.00;10.00;11.00;12.00;0.00;0;-114
452;54612;3.01;0.00;0.00;0.00;0.00;1037.55;1037.55;0.00;0.00;0.00;0.00;0.00;44330.00;44330.00;0.00;0.00;0.00;0.00;0.00;0.00;0.00;0.00;0.00;0;0;0;0;0;20;10;15.89;1.00;2.00;3.00;4.00;5.00;6.00;7.00;8.00;9.00;10.00;11.00;12.00;0.00;0;-113
455;54612;3.01;0.00;0.00;0.00;0.00;1037.55;1037.55;0.00;0.00;0.00;0.00;0.00;44330.00;44330.00;0.00;0.00;0.00;0.00;0.00;0.00;0.00;0.00;0.00;0;0;0;0;0;20;10;15.89;1.00;2.00;3.00;4.00;5.00;6.00;7.00;8.00;9.00;10.00;11.00;12.00;0.00;0;-115
456;54612;3.01;0.00;0.00;0.00;0.00;1037.55;1037.55;0.00;0.00;0.00;0.00;0.00;44330.00;44330.00;0.00;0.00;0.00;0.00;0.00;0.00;0.00;0.00;0.00;0;0;0;0;0;20;10;15.89;1.00;2.00;3.00;4.00;5.00;6.00;7.00;8.00;9.00;10.00;11.00;12.00;0.00;0;-119
457;54612;3.01;0.00;0.00;0.00;0.00;1037.55;1037.55;0.00;0.00;0.00;0.00;0.00;44330.00;44330.00;0.00;0.00;0.00;0.00;0.00;0.00;0.00;0.00;0.00;0;0;0;0;0;20;10;15.89;1.00;2.00;3.00;4.00;5.00;6.00;7.00;8.00;9.00;10.00;11.00;12.00;0.00;0;-115
458;54612;3.01;0.00;0.00;0.00;0.00;1037.55;1037.55;0.00;0.00;0.00;0.00;0.00;44330.00;44330.00;0.00;0.00;0.00;0.00;0.00;0.00;0.00;0.00;0.00;0;0;0;0;0;20;10;15.89;1.00;2.00;3.00;4.00;5.00;6.00;7.00;8.00;9.00;10.00;11.00;12.00;0.00;0;-113
459;54612;3.09;0.00;0.00;0.00;0.00;1037.55;1037.55;0.00;0.00;0.00;0.00;0.00;44330.00;44330.00;0.00;0.00;0.00;0.00;0.00;0.00;0.00;0.00;0.00;0;0;0;0;0;20;10;15.89;1.00;2.00;3.00;4.00;5.00;6.00;7.00;8.00;9.00;10.00;11.00;12.00;0.00;0;-116
462;54612;3.09;0.00;0.00;0.00;0.00;1037.55;1037.55;0.00;0.00;0.00;0.00;0.00;44330.00;44330.00;0.00;0.00;0.00;0.00;0.00;0.00;0.00;0.00;0.00;0;0;0;0;0;20;10;15.89;1.00;2.00;3.00;4.00;5.00;6.00;7.00;8.00;9.00;10.00;11.00;12.00;0.00;0;-114
463;54612;3.09;0.00;0.00;0.00;0.00;1037.55;1037.55;0.00;0.00;0.00;0.00;0.00;44330.00;44330.00;0.00;0.00;0.00;0.00;0.00;0.00;0.00;0.00;0.00;0;0;0;0;0;20;10;15.89;1.00;2.00;3.00;4.00;5.00;6.00;7.00;8.00;9.00;10.00;11.00;12.00;0.00;0;-115
464;54612;3.09;0.00;0.00;0.00;0.00;1037.55;1037.55;0.00;0.00;0.00;0.00;0.00;44330.00;44330.00;0.00;0.00;0.00;0.00;0.00;0.00;0.00;0.00;0.00;0;0;0;0;0;20;10;15.89;1.00;2.00;3.00;4.00;5.00;6.00;7.00;8.00;9.00;10.00;11.00;12.00;0.00;0;-113
466;54612;3.09;0.00;0.00;0.00;0.00;1037.55;1037.55;0.00;0.00;0.00;0.00;0.00;44330.00;44330.00;0.00;0.00;0.00;0.00;0.00;0.00;0.00;0.00;0.00;0;0;0;0;0;20;10;15.89;1.00;2.00;3.00;4.00;5.00;6.00;7.00;8.00;9.00;10.00;11.00;12.00;0.00;0;-114
467;54612;3.08;0.00;0.00;0.00;0.00;1037.55;1037.55;0.00;0.00;0.00;0.00;0.00;44330.00;44330.00;0.00;0.00;0.00;0.00;0.00;0.00;0.00;0.00;0.00;0;0;0;0;0;20;10;15.89;1.00;2.00;3.00;4.00;5.00;6.00;7.00;8.00;9.00;10.00;11.00;12.00;0.00;0;-113
468;54612;2.51;0.00;0.00;0.00;0.00;1037.55;1037.55;0.00;0.00;0.00;0.00;0.00;44330.00;44330.00;0.00;0.00;0.00;0.00;0.00;0.00;0.00;0.00;0.00;0;0;0;0;0;20;10;15.89;1.00;2.00;3.00;4.00;5.00;6.00;7.00;8.00;9.00;10.00;11.00;12.00;0.00;0;-112
470;54612;2.51;0.00;0.00;0.00;0.00;1037.55;1037.55;0.00;0.00;0.00;0.00;0.00;44330.00;44330.00;0.00;0.00;0.00;0.00;0.00;0.00;0.00;0.00;0.00;0;0;0;0;0;20;10;15.89;1.00;2.00;3.00;4.00;5.00;6.00;7.00;8.00;9.00;10.00;11.00;12.00;0.00;0;-115
471;54612;2.51;0.00;0.00;0.00;0.00;1037.55;1037.55;0.00;0.00;0.00;0.00;0.00;44330.00;44330.00;0.00;0.00;0.00;0.00;0.00;0.00;0.00;0.00;0.00;0;0;0;0;0;20;10;15.89;1.00;2.00;3.00;4.00;5.00;6.00;7.00;8.00;9.00;10.00;11.00;12.00;0.00;0;-112
471;54612;2.51;0.00;0.00;0.00;0.00;1037.55;1037.55;0.00;0.00;0.00;0.00;0.00;44330.00;44330.00;0.00;0.00;0.00;0.00;0.00;0.00;0.00;0.00;0.00;0;0;0;0;0;20;10;15.89;1.00;2.00;3.00;4.00;5.00;6.00;7.00;8.00;9.00;10.00;11.00;12.00;0.00;0;-112
472;54612;2.51;0.00;0.00;0.00;0.00;1037.55;1037.55;0.00;0.00;0.00;0.00;0.00;44330.00;44330.00;0.00;0.00;0.00;0.00;0.00;0.00;0.00;0.00;0.00;0;0;0;0;0;20;10;15.89;1.00;2.00;3.00;4.00;5.00;6.00;7.00;8.00;9.00;10.00;11.00;12.00;0.00;0;-112
473;54612;2.51;0.00;0.00;0.00;0.00;1037.55;1037.55;0.00;0.00;0.00;0.00;0.00;44330.00;44330.00;0.00;0.00;0.00;0.00;0.00;0.00;0.00;0.00;0.00;0;0;0;0;0;20;10;15.89;1.00;2.00;3.00;4.00;5.00;6.00;7.00;8.00;9.00;10.00;11.00;12.00;0.00;0;-112
475;54612;2.93;0.00;0.00;0.00;0.00;1037.55;1037.55;0.00;0.00;0.00;0.00;0.00;44330.00;44330.00;0.00;0.00;0.00;0.00;0.00;0.00;0.00;0.00;0.00;0;0;0;0;0;20;10;15.89;1.00;2.00;3.00;4.00;5.00;6.00;7.00;8.00;9.00;10.00;11.00;12.00;0.00;0;-111
477;54612;2.93;0.00;0.00;0.00;0.00;1037.55;1037.55;0.00;0.00;0.00;0.00;0.00;44330.00;44330.00;0.00;0.00;0.00;0.00;0.00;0.00;0.00;0.00;0.00;0;0;0;0;0;20;10;15.89;1.00;2.00;3.00;4.00;5.00;6.00;7.00;8.00;9.00;10.00;11.00;12.00;0.00;0;-112
479;54612;2.93;0.00;0.00;0.00;0.00;1037.55;1037.55;0.00;0.00;0.00;0.00;0.00;44330.00;44330.00;0.00;0.00;0.00;0.00;0.00;0.00;0.00;0.00;0.00;0;0;0;0;0;20;10;15.89;1.00;2.00;3.00;4.00;5.00;6.00;7.00;8.00;9.00;10.00;11.00;12.00;0.00;0;-110
480;54612;2.93;0.00;0.00;0.00;0.00;1037.55;1037.55;0.00;0.00;0.00;0.00;0.00;44330.00;44330.00;0.00;0.00;0.00;0.00;0.00;0.00;0.00;0.00;0.00;0;0;0;0;0;20;10;15.89;1.00;2.00;3.00;4.00;5.00;6.00;7.00;8.00;9.00;10.00;11.00;12.00;0.00;0;-112
481;54612;2.93;0.00;0.00;0.00;0.00;1037.55;1037.55;0.00;0.00;0.00;0.00;0.00;44330.00;44330.00;0.00;0.00;0.00;0.00;0.00;0.00;0.00;0.00;0.00;0;0;0;0;0;20;10;15.89;1.00;2.00;3.00;4.00;5.00;6.00;7.00;8.00;9.00;10.00;11.00;12.00;0.00;0;-115
482;54612;2.93;0.00;0.00;0.00;0.00;1037.55;1037.55;0.00;0.00;0.00;0.00;0.00;44330.00;44330.00;0.00;0.00;0.00;0.00;0.00;0.00;0.00;0.00;0.00;0;0;0;0;0;20;10;15.89;1.00;2.00;3.00;4.00;5.00;6.00;7.00;8.00;9.00;10.00;11.00;12.00;0.00;0;-111
486;54612;2.93;0.00;0.00;0.00;0.00;1037.55;1037.55;0.00;0.00;0.00;0.00;0.00;44330.00;44330.00;0.00;0.00;0.00;0.00;0.00;0.00;0.00;0.00;0.00;0;0;0;0;0;20;10;15.89;1.00;2.00;3.00;4.00;5.00;6.00;7.00;8.00;9.00;10.00;11.00;12.00;0.00;0;-115
487;54612;2.93;0.00;0.00;0.00;0.00;1037.55;1037.55;0.00;0.00;0.00;0.00;0.00;44330.00;44330.00;0.00;0.00;0.00;0.00;0.00;0.00;0.00;0.00;0.00;0;0;0;0;0;20;10;15.89;1.00;2.00;3.00;4.00;5.00;6.00;7.00;8.00;9.00;10.00;11.00;12.00;0.00;0;-113
488;54612;2.93;0.00;0.00;0.00;0.00;1037.55;1037.55;0.00;0.00;0.00;0.00;0.00;44330.00;44330.00;0.00;0.00;0.00;0.00;0.00;0.00;0.00;0.00;0.00;0;0;0;0;0;20;10;15.89;1.00;2.00;3.00;4.00;5.00;6.00;7.00;8.00;9.00;10.00;11.00;12.00;0.00;0;-112
489;54612;2.93;0.00;0.00;0.00;0.00;1037.55;1037.55;0.00;0.00;0.00;0.00;0.00;44330.00;44330.00;0.00;0.00;0.00;0.00;0.00;0.00;0.00;0.00;0.00;0;0;0;0;0;20;10;15.89;1.00;2.00;3.00;4.00;5.00;6.00;7.00;8.00;9.00;10.00;11.00;12.00;0.00;0;-115
490;54612;2.93;0.00;0.00;0.00;0.00;1037.55;1037.55;0.00;0.00;0.00;0.00;0.00;44330.00;44330.00;0.00;0.00;0.00;0.00;0.00;0.00;0.00;0.00;0.00;0;0;0;0;0;20;10;15.89;1.00;2.00;3.00;4.00;5.00;6.00;7.00;8.00;9.00;10.00;11.00;12.00;0.00;0;-113
491;54612;3.07;0.00;0.00;0.00;0.00;1037.55;1037.55;0.00;0.00;0.00;0.00;0.00;44330.00;44330.00;0.00;0.00;0.00;0.00;0.00;0.00;0.00;0.00;0.00;0;0;0;0;0;20;10;15.89;1.00;2.00;3.00;4.00;5.00;6.00;7.00;8.00;9.00;10.00;11.00;12.00;0.00;0;-112
492;54612;3.08;0.00;0.00;0.00;0.00;1037.55;1037.55;0.00;0.00;0.00;0.00;0.00;44330.00;44330.00;0.00;0.00;0.00;0.00;0.00;0.00;0.00;0.00;0.00;0;0;0;0;0;20;10;15.89;1.00;2.00;3.00;4.00;5.00;6.00;7.00;8.00;9.00;10.00;11.00;12.00;0.00;0;-72
493;54612;3.08;0.00;0.00;0.00;0.00;1037.55;1037.55;0.00;0.00;0.00;0.00;0.00;44330.00;44330.00;0.00;0.00;0.00;0.00;0.00;0.00;0.00;0.00;0.00;0;0;0;0;0;20;10;15.89;1.00;2.00;3.00;4.00;5.00;6.00;7.00;8.00;9.00;10.00;11.00;12.00;0.00;0;-113
494;54612;3.08;0.00;0.00;0.00;0.00;1037.55;1037.55;0.00;0.00;0.00;0.00;0.00;44330.00;44330.00;0.00;0.00;0.00;0.00;0.00;0.00;0.00;0.00;0.00;0;0;0;0;0;20;10;15.89;1.00;2.00;3.00;4.00;5.00;6.00;7.00;8.00;9.00;10.00;11.00;12.00;0.00;0;-114
495;54612;3.08;0.00;0.00;0.00;0.00;1037.55;1037.55;0.00;0.00;0.00;0.00;0.00;44330.00;44330.00;0.00;0.00;0.00;0.00;0.00;0.00;0.00;0.00;0.00;0;0;0;0;0;20;10;15.89;1.00;2.00;3.00;4.00;5.00;6.00;7.00;8.00;9.00;10.00;11.00;12.00;0.00;0;-111
496;54612;3.08;0.00;0.00;0.00;0.00;1037.55;1037.55;0.00;0.00;0.00;0.00;0.00;44330.00;44330.00;0.00;0.00;0.00;0.00;0.00;0.00;0.00;0.00;0.00;0;0;0;0;0;20;10;15.89;1.00;2.00;3.00;4.00;5.00;6.00;7.00;8.00;9.00;10.00;11.00;12.00;0.00;0;-114
496;54612;3.08;0.00;0.00;0.00;0.00;1037.55;1037.55;0.00;0.00;0.00;0.00;0.00;44330.00;44330.00;0.00;0.00;0.00;0.00;0.00;0.00;0.00;0.00;0.00;0;0;0;0;0;20;10;15.89;1.00;2.00;3.00;4.00;5.00;6.00;7.00;8.00;9.00;10.00;11.00;12.00;0.00;0;-114
497;54612;3.08;0.00;0.00;0.00;0.00;1037.55;1037.55;0.00;0.00;0.00;0.00;0.00;44330.00;44330.00;0.00;0.00;0.00;0.00;0.00;0.00;0.00;0.00;0.00;0;0;0;0;0;20;10;15.89;1.00;2.00;3.00;4.00;5.00;6.00;7.00;8.00;9.00;10.00;11.00;12.00;0.00;0;-113
498;54612;3.08;0.00;0.00;0.00;0.00;1037.55;1037.55;0.00;0.00;0.00;0.00;0.00;44330.00;44330.00;0.00;0.00;0.00;0.00;0.00;0.00;0.00;0.00;0.00;0;0;0;0;0;20;10;15.89;1.00;2.00;3.00;4.00;5.00;6.00;7.00;8.00;9.00;10.00;11.00;12.00;0.00;0;-112
499;54612;3.08;0.00;0.00;0.00;0.00;1037.55;1037.55;0.00;0.00;0.00;0.00;0.00;44330.00;44330.00;0.00;0.00;0.00;0.00;0.00;0.00;0.00;0.00;0.00;0;0;0;0;0;20;10;15.89;1.00;2.00;3.00;4.00;5.00;6.00;7.00;8.00;9.00;10.00;11.00;12.00;0.00;0;-116
501;54612;3.08;0.00;0.00;0.00;0.00;1037.55;1037.55;0.00;0.00;0.00;0.00;0.00;44330.00;44330.00;0.00;0.00;0.00;0.00;0.00;0.00;0.00;0.00;0.00;0;0;0;0;0;20;10;15.89;1.00;2.00;3.00;4.00;5.00;6.00;7.00;8.00;9.00;10.00;11.00;12.00;0.00;0;-111
501;54612;3.08;0.00;0.00;0.00;0.00;1037.55;1037.55;0.00;0.00;0.00;0.00;0.00;44330.00;44330.00;0.00;0.00;0.00;0.00;0.00;0.00;0.00;0.00;0.00;0;0;0;0;0;20;10;15.89;1.00;2.00;3.00;4.00;5.00;6.00;7.00;8.00;9.00;10.00;11.00;12.00;0.00;0;-111
503;54612;3.08;0.00;0.00;0.00;0.00;1037.55;1037.55;0.00;0.00;0.00;0.00;0.00;44330.00;44330.00;0.00;0.00;0.00;0.00;0.00;0.00;0.00;0.00;0.00;0;0;0;0;0;20;10;15.89;1.00;2.00;3.00;4.00;5.00;6.00;7.00;8.00;9.00;10.00;11.00;12.00;0.00;0;-114
504;54612;3.08;0.00;0.00;0.00;0.00;1037.55;1037.55;0.00;0.00;0.00;0.00;0.00;44330.00;44330.00;0.00;0.00;0.00;0.00;0.00;0.00;0.00;0.00;0.00;0;0;0;0;0;20;10;15.89;1.00;2.00;3.00;4.00;5.00;6.00;7.00;8.00;9.00;10.00;11.00;12.00;0.00;0;-110
505;54612;3.08;0.00;0.00;0.00;0.00;1037.55;1037.55;0.00;0.00;0.00;0.00;0.00;44330.00;44330.00;0.00;0.00;0.00;0.00;0.00;0.00;0.00;0.00;0.00;0;0;0;0;0;20;10;15.89;1.00;2.00;3.00;4.00;5.00;6.00;7.00;8.00;9.00;10.00;11.00;12.00;0.00;0;-113
505;54612;3.08;0.00;0.00;0.00;0.00;1037.55;1037.55;0.00;0.00;0.00;0.00;0.00;44330.00;44330.00;0.00;0.00;0.00;0.00;0.00;0.00;0.00;0.00;0.00;0;0;0;0;0;20;10;15.89;1.00;2.00;3.00;4.00;5.00;6.00;7.00;8.00;9.00;10.00;11.00;12.00;0.00;0;-113
506;54612;3.08;0.00;0.00;0.00;0.00;1037.55;1037.55;0.00;0.00;0.00;0.00;0.00;44330.00;44330.00;0.00;0.00;0.00;0.00;0.00;0.00;0.00;0.00;0.00;0;0;0;0;0;20;10;15.89;1.00;2.00;3.00;4.00;5.00;6.00;7.00;8.00;9.00;10.00;11.00;12.00;0.00;0;-116
507;54612;3.11;0.00;0.00;0.00;0.00;1037.55;1037.55;0.00;0.00;0.00;0.00;0.00;44330.00;44330.00;0.00;0.00;0.00;0.00;0.00;0.00;0.00;0.00;0.00;0;0;0;0;0;20;10;15.89;1.00;2.00;3.00;4.00;5.00;6.00;7.00;8.00;9.00;10.00;11.00;12.00;0.00;0;-114
508;54612;2.51;0.00;0.00;0.00;0.00;1037.55;1037.55;0.00;0.00;0.00;0.00;0.00;44330.00;44330.00;0.00;0.00;0.00;0.00;0.00;0.00;0.00;0.00;0.00;0;0;0;0;0;20;10;15.89;1.00;2.00;3.00;4.00;5.00;6.00;7.00;8.00;9.00;10.00;11.00;12.00;0.00;0;-115
510;54612;2.51;0.00;0.00;0.00;0.00;1037.55;1037.55;0.00;0.00;0.00;0.00;0.00;44330.00;44330.00;0.00;0.00;0.00;0.00;0.00;0.00;0.00;0.00;0.00;0;0;0;0;0;20;10;15.89;1.00;2.00;3.00;4.00;5.00;6.00;7.00;8.00;9.00;10.00;11.00;12.00;0.00;0;-110
511;54612;2.51;0.00;0.00;0.00;0.00;1037.55;1037.55;0.00;0.00;0.00;0.00;0.00;44330.00;44330.00;0.00;0.00;0.00;0.00;0.00;0.00;0.00;0.00;0.00;0;0;0;0;0;20;10;15.89;1.00;2.00;3.00;4.00;5.00;6.00;7.00;8.00;9.00;10.00;11.00;12.00;0.00;0;-113
512;54612;2.51;0.00;0.00;0.00;0.00;1037.55;1037.55;0.00;0.00;0.00;0.00;0.00;44330.00;44330.00;0.00;0.00;0.00;0.00;0.00;0.00;0.00;0.00;0.00;0;0;0;0;0;20;10;15.89;1.00;2.00;3.00;4.00;5.00;6.00;7.00;8.00;9.00;10.00;11.00;12.00;0.00;0;-112
513;54612;2.51;0.00;0.00;0.00;0.00;1037.55;1037.55;0.00;0.00;0.00;0.00;0.00;44330.00;44330.00;0.00;0.00;0.00;0.00;0.00;0.00;0.00;0.00;0.00;0;0;0;0;0;20;10;15.89;1.00;2.00;3.00;4.00;5.00;6.00;7.00;8.00;9.00;10.00;11.00;12.00;0.00;0;-112
514;54612;2.51;0.00;0.00;0.00;0.00;1037.55;1037.55;0.00;0.00;0.00;0.00;0.00;44330.00;44330.00;0.00;0.00;0.00;0.00;0.00;0.00;0.00;0.00;0.00;0;0;0;0;0;20;10;15.89;1.00;2.00;3.00;4.00;5.00;6.00;7.00;8.00;9.00;10.00;11.00;12.00;0.00;0;-72
516;54612;3.08;0.00;0.00;0.00;0.00;1037.55;1037.55;0.00;0.00;0.00;0.00;0.00;44330.00;44330.00;0.00;0.00;0.00;0.00;0.00;0.00;0.00;0.00;0.00;0;0;0;0;0;20;10;15.89;1.00;2.00;3.00;4.00;5.00;6.00;7.00;8.00;9.00;10.00;11.00;12.00;0.00;0;-113
517;54612;3.08;0.00;0.00;0.00;0.00;1037.55;1037.55;0.00;0.00;0.00;0.00;0.00;44330.00;44330.00;0.00;0.00;0.00;0.00;0.00;0.00;0.00;0.00;0.00;0;0;0;0;0;20;10;15.89;1.00;2.00;3.00;4.00;5.00;6.00;7.00;8.00;9.00;10.00;11.00;12.00;0.00;0;-115
519;54612;3.08;0.00;0.00;0.00;0.00;1037.55;1037.55;0.00;0.00;0.00;0.00;0.00;44330.00;44330.00;0.00;0.00;0.00;0.00;0.00;0.00;0.00;0.00;0.00;0;0;0;0;0;20;10;15.89;1.00;2.00;3.00;4.00;5.00;6.00;7.00;8.00;9.00;10.00;11.00;12.00;0.00;0;-113
520;54612;3.08;0.00;0.00;0.00;0.00;1037.55;1037.55;0.00;0.00;0.00;0.00;0.00;44330.00;44330.00;0.00;0.00;0.00;0.00;0.00;0.00;0.00;0.00;0.00;0;0;0;0;0;20;10;15.89;1.00;2.00;3.00;4.00;5.00;6.00;7.00;8.00;9.00;10.00;11.00;12.00;0.00;0;-73
521;54612;3.08;0.00;0.00;0.00;0.00;1037.55;1037.55;0.00;0.00;0.00;0.00;0.00;44330.00;44330.00;0.00;0.00;0.00;0.00;0.00;0.00;0.00;0.00;0.00;0;0;0;0;0;20;10;15.89;1.00;2.00;3.00;4.00;5.00;6.00;7.00;8.00;9.00;10.00;11.00;12.00;0.00;0;-115
522;54612;3.08;0.00;0.00;0.00;0.00;1037.55;1037.55;0.00;0.00;0.00;0.00;0.00;44330.00;44330.00;0.00;0.00;0.00;0.00;0.00;0.00;0.00;0.00;0.00;0;0;0;0;0;20;10;15.89;1.00;2.00;3.00;4.00;5.00;6.00;7.00;8.00;9.00;10.00;11.00;12.00;0.00;0;-113
523;54612;3.15;0.00;0.00;0.00;0.00;1037.55;1037.55;0.00;0.00;0.00;0.00;0.00;44330.00;44330.00;0.00;0.00;0.00;0.00;0.00;0.00;0.00;0.00;0.00;0;0;0;0;0;20;10;15.89;1.00;2.00;3.00;4.00;5.00;6.00;7.00;8.00;9.00;10.00;11.00;12.00;0.00;0;-113
524;54612;2.59;0.00;0.00;0.00;0.00;1037.55;1037.55;0.00;0.00;0.00;0.00;0.00;44330.00;44330.00;0.00;0.00;0.00;0.00;0.00;0.00;0.00;0.00;0.00;0;0;0;0;0;20;10;15.89;1.00;2.00;3.00;4.00;5.00;6.00;7.00;8.00;9.00;10.00;11.00;12.00;0.00;0;-113
527;54612;2.59;0.00;0.00;0.00;0.00;1037.55;1037.55;0.00;0.00;0.00;0.00;0.00;44330.00;44330.00;0.00;0.00;0.00;0.00;0.00;0.00;0.00;0.00;0.00;0;0;0;0;0;20;10;15.89;1.00;2.00;3.00;4.00;5.00;6.00;7.00;8.00;9.00;10.00;11.00;12.00;0.00;0;-111
528;54612;2.59;0.00;0.00;0.00;0.00;1037.55;1037.55;0.00;0.00;0.00;0.00;0.00;44330.00;44330.00;0.00;0.00;0.00;0.00;0.00;0.00;0.00;0.00;0.00;0;0;0;0;0;20;10;15.89;1.00;2.00;3.00;4.00;5.00;6.00;7.00;8.00;9.00;10.00;11.00;12.00;0.00;0;-72
529;54612;2.59;0.00;0.00;0.00;0.00;1037.55;1037.55;0.00;0.00;0.00;0.00;0.00;44330.00;44330.00;0.00;0.00;0.00;0.00;0.00;0.00;0.00;0.00;0.00;0;0;0;0;0;20;10;15.89;1.00;2.00;3.00;4.00;5.00;6.00;7.00;8.00;9.00;10.00;11.00;12.00;0.00;0;-113
531;54612;3.18;0.00;0.00;0.00;0.00;1037.55;1037.55;0.00;0.00;0.00;0.00;0.00;44330.00;44330.00;0.00;0.00;0.00;0.00;0.00;0.00;0.00;0.00;0.00;0;0;0;0;0;20;10;15.89;1.00;2.00;3.00;4.00;5.00;6.00;7.00;8.00;9.00;10.00;11.00;12.00;0.00;0;-113
532;54612;3.13;0.00;0.00;0.00;0.00;1037.55;1037.55;0.00;0.00;0.00;0.00;0.00;44330.00;44330.00;0.00;0.00;0.00;0.00;0.00;0.00;0.00;0.00;0.00;0;0;0;0;0;20;10;15.89;1.00;2.00;3.00;4.00;5.00;6.00;7.00;8.00;9.00;10.00;11.00;12.00;0.00;0;-115
535;54612;3.13;0.00;0.00;0.00;0.00;1037.55;1037.55;0.00;0.00;0.00;0.00;0.00;44330.00;44330.00;0.00;0.00;0.00;0.00;0.00;0.00;0.00;0.00;0.00;0;0;0;0;0;20;10;15.89;1.00;2.00;3.00;4.00;5.00;6.00;7.00;8.00;9.00;10.00;11.00;12.00;0.00;0;-114
536;54612;3.13;0.00;0.00;0.00;0.00;1037.55;1037.55;0.00;0.00;0.00;0.00;0.00;44330.00;44330.00;0.00;0.00;0.00;0.00;0.00;0.00;0.00;0.00;0.00;0;0;0;0;0;20;10;15.89;1.00;2.00;3.00;4.00;5.00;6.00;7.00;8.00;9.00;10.00;11.00;12.00;0.00;0;-112
537;54612;3.13;0.00;0.00;0.00;0.00;1037.55;1037.55;0.00;0.00;0.00;0.00;0.00;44330.00;44330.00;0.00;0.00;0.00;0.00;0.00;0.00;0.00;0.00;0.00;0;0;0;0;0;20;10;15.89;1.00;2.00;3.00;4.00;5.00;6.00;7.00;8.00;9.00;10.00;11.00;12.00;0.00;0;-110
539;54612;3.02;0.00;0.00;0.00;0.00;1037.55;1037.55;0.00;0.00;0.00;0.00;0.00;44330.00;44330.00;0.00;0.00;0.00;0.00;0.00;0.00;0.00;0.00;0.00;0;0;0;0;0;20;10;15.89;1.00;2.00;3.00;4.00;5.00;6.00;7.00;8.00;9.00;10.00;11.00;12.00;0.00;0;-115
540;54612;3.18;0.00;0.00;0.00;0.00;1037.55;1037.55;0.00;0.00;0.00;0.00;0.00;44330.00;44330.00;0.00;0.00;0.00;0.00;0.00;0.00;0.00;0.00;0.00;0;0;0;0;0;20;10;15.89;1.00;2.00;3.00;4.00;5.00;6.00;7.00;8.00;9.00;10.00;11.00;12.00;0.00;0;-113
543;54612;3.18;0.00;0.00;0.00;0.00;1037.55;1037.55;0.00;0.00;0.00;0.00;0.00;44330.00;44330.00;0.00;0.00;0.00;0.00;0.00;0.00;0.00;0.00;0.00;0;0;0;0;0;20;10;15.89;1.00;2.00;3.00;4.00;5.00;6.00;7.00;8.00;9.00;10.00;11.00;12.00;0.00;0;-113
544;54612;3.18;0.00;0.00;0.00;0.00;1037.55;1037.55;0.00;0.00;0.00;0.00;0.00;44330.00;44330.00;0.00;0.00;0.00;0.00;0.00;0.00;0.00;0.00;0.00;0;0;0;0;0;20;10;15.89;1.00;2.00;3.00;4.00;5.00;6.00;7.00;8.00;9.00;10.00;11.00;12.00;0.00;0;-112
545;54612;3.18;0.00;0.00;0.00;0.00;1037.55;1037.55;0.00;0.00;0.00;0.00;0.00;44330.00;44330.00;0.00;0.00;0.00;0.00;0.00;0.00;0.00;0.00;0.00;0;0;0;0;0;20;10;15.89;1.00;2.00;3.00;4.00;5.00;6.00;7.00;8.00;9.00;10.00;11.00;12.00;0.00;0;-112
547;54612;3.18;0.00;0.00;0.00;0.00;1037.55;1037.55;0.00;0.00;0.00;0.00;0.00;44330.00;44330.00;0.00;0.00;0.00;0.00;0.00;0.00;0.00;0.00;0.00;0;0;0;0;0;20;10;15.89;1.00;2.00;3.00;4.00;5.00;6.00;7.00;8.00;9.00;10.00;11.00;12.00;0.00;0;-111
548;54612;3.17;0.00;0.00;0.00;0.00;1037.55;1037.55;0.00;0.00;0.00;0.00;0.00;44330.00;44330.00;0.00;0.00;0.00;0.00;0.00;0.00;0.00;0.00;0.00;0;0;0;0;0;20;10;15.89;1.00;2.00;3.00;4.00;5.00;6.00;7.00;8.00;9.00;10.00;11.00;12.00;0.00;0;-112
549;54612;3.17;0.00;0.00;0.00;0.00;1037.55;1037.55;0.00;0.00;0.00;0.00;0.00;44330.00;44330.00;0.00;0.00;0.00;0.00;0.00;0.00;0.00;0.00;0.00;0;0;0;0;0;20;10;15.89;1.00;2.00;3.00;4.00;5.00;6.00;7.00;8.00;9.00;10.00;11.00;12.00;0.00;0;-113
551;54612;3.17;0.00;0.00;0.00;0.00;1037.55;1037.55;0.00;0.00;0.00;0.00;0.00;44330.00;44330.00;0.00;0.00;0.00;0.00;0.00;0.00;0.00;0.00;0.00;0;0;0;0;0;20;10;15.89;1.00;2.00;3.00;4.00;5.00;6.00;7.00;8.00;9.00;10.00;11.00;12.00;0.00;0;-113
551;54612;3.17;0.00;0.00;0.00;0.00;1037.55;1037.55;0.00;0.00;0.00;0.00;0.00;44330.00;44330.00;0.00;0.00;0.00;0.00;0.00;0.00;0.00;0.00;0.00;0;0;0;0;0;20;10;15.89;1.00;2.00;3.00;4.00;5.00;6.00;7.00;8.00;9.00;10.00;11.00;12.00;0.00;0;-113
552;54612;3.17;0.00;0.00;0.00;0.00;1037.55;1037.55;0.00;0.00;0.00;0.00;0.00;44330.00;44330.00;0.00;0.00;0.00;0.00;0.00;0.00;0.00;0.00;0.00;0;0;0;0;0;20;10;15.89;1.00;2.00;3.00;4.00;5.00;6.00;7.00;8.00;9.00;10.00;11.00;12.00;0.00;0;-115
553;54612;3.17;0.00;0.00;0.00;0.00;1037.55;1037.55;0.00;0.00;0.00;0.00;0.00;44330.00;44330.00;0.00;0.00;0.00;0.00;0.00;0.00;0.00;0.00;0.00;0;0;0;0;0;20;10;15.89;1.00;2.00;3.00;4.00;5.00;6.00;7.00;8.00;9.00;10.00;11.00;12.00;0.00;0;-114
554;54612;3.17;0.00;0.00;0.00;0.00;1037.55;1037.55;0.00;0.00;0.00;0.00;0.00;44330.00;44330.00;0.00;0.00;0.00;0.00;0.00;0.00;0.00;0.00;0.00;0;0;0;0;0;20;10;15.89;1.00;2.00;3.00;4.00;5.00;6.00;7.00;8.00;9.00;10.00;11.00;12.00;0.00;0;-113
555;54612;3.18;0.00;0.00;0.00;0.00;1037.55;1037.55;0.00;0.00;0.00;0.00;0.00;44330.00;44330.00;0.00;0.00;0.00;0.00;0.00;0.00;0.00;0.00;0.00;0;0;0;0;0;20;10;15.89;1.00;2.00;3.00;4.00;5.00;6.00;7.00;8.00;9.00;10.00;11.00;12.00;0.00;0;-113
558;54612;3.18;0.00;0.00;0.00;0.00;1037.55;1037.55;0.00;0.00;0.00;0.00;0.00;44330.00;44330.00;0.00;0.00;0.00;0.00;0.00;0.00;0.00;0.00;0.00;0;0;0;0;0;20;10;15.89;1.00;2.00;3.00;4.00;5.00;6.00;7.00;8.00;9.00;10.00;11.00;12.00;0.00;0;-113
559;54612;3.18;0.00;0.00;0.00;0.00;1037.55;1037.55;0.00;0.00;0.00;0.00;0.00;44330.00;44330.00;0.00;0.00;0.00;0.00;0.00;0.00;0.00;0.00;0.00;0;0;0;0;0;20;10;15.89;1.00;2.00;3.00;4.00;5.00;6.00;7.00;8.00;9.00;10.00;11.00;12.00;0.00;0;-112
560;54612;3.18;0.00;0.00;0.00;0.00;1037.55;1037.55;0.00;0.00;0.00;0.00;0.00;44330.00;44330.00;0.00;0.00;0.00;0.00;0.00;0.00;0.00;0.00;0.00;0;0;0;0;0;20;10;15.89;1.00;2.00;3.00;4.00;5.00;6.00;7.00;8.00;9.00;10.00;11.00;12.00;0.00;0;-115
561;54612;3.18;0.00;0.00;0.00;0.00;1037.55;1037.55;0.00;0.00;0.00;0.00;0.00;44330.00;44330.00;0.00;0.00;0.00;0.00;0.00;0.00;0.00;0.00;0.00;0;0;0;0;0;20;10;15.89;1.00;2.00;3.00;4.00;5.00;6.00;7.00;8.00;9.00;10.00;11.00;12.00;0.00;0;-110
562;54612;3.18;0.00;0.00;0.00;0.00;1037.55;1037.55;0.00;0.00;0.00;0.00;0.00;44330.00;44330.00;0.00;0.00;0.00;0.00;0.00;0.00;0.00;0.00;0.00;0;0;0;0;0;20;10;15.89;1.00;2.00;3.00;4.00;5.00;6.00;7.00;8.00;9.00;10.00;11.00;12.00;0.00;0;-72
563;54612;3.20;0.00;0.00;0.00;0.00;1037.55;1037.55;0.00;0.00;0.00;0.00;0.00;44330.00;44330.00;0.00;0.00;0.00;0.00;0.00;0.00;0.00;0.00;0.00;0;0;0;0;0;20;10;15.89;1.00;2.00;3.00;4.00;5.00;6.00;7.00;8.00;9.00;10.00;11.00;12.00;0.00;0;-112
563;54612;3.20;0.00;0.00;0.00;0.00;1037.55;1037.55;0.00;0.00;0.00;0.00;0.00;44330.00;44330.00;0.00;0.00;0.00;0.00;0.00;0.00;0.00;0.00;0.00;0;0;0;0;0;20;10;15.89;1.00;2.00;3.00;4.00;5.00;6.00;7.00;8.00;9.00;10.00;11.00;12.00;0.00;0;-112
564;54612;3.19;0.00;0.00;0.00;0.00;1037.55;1037.55;0.00;0.00;0.00;0.00;0.00;44330.00;44330.00;0.00;0.00;0.00;0.00;0.00;0.00;0.00;0.00;0.00;0;0;0;0;0;20;10;15.89;1.00;2.00;3.00;4.00;5.00;6.00;7.00;8.00;9.00;10.00;11.00;12.00;0.00;0;-110
567;54612;3.19;0.00;0.00;0.00;0.00;1037.55;1037.55;0.00;0.00;0.00;0.00;0.00;44330.00;44330.00;0.00;0.00;0.00;0.00;0.00;0.00;0.00;0.00;0.00;0;0;0;0;0;20;10;15.89;1.00;2.00;3.00;4.00;5.00;6.00;7.00;8.00;9.00;10.00;11.00;12.00;0.00;0;-113
568;54612;3.19;0.00;0.00;0.00;0.00;1037.55;1037.55;0.00;0.00;0.00;0.00;0.00;44330.00;44330.00;0.00;0.00;0.00;0.00;0.00;0.00;0.00;0.00;0.00;0;0;0;0;0;20;10;15.89;1.00;2.00;3.00;4.00;5.00;6.00;7.00;8.00;9.00;10.00;11.00;12.00;0.00;0;-115
569;54612;3.19;0.00;0.00;0.00;0.00;1037.55;1037.55;0.00;0.00;0.00;0.00;0.00;44330.00;44330.00;0.00;0.00;0.00;0.00;0.00;0.00;0.00;0.00;0.00;0;0;0;0;0;20;10;15.89;1.00;2.00;3.00;4.00;5.00;6.00;7.00;8.00;9.00;10.00;11.00;12.00;0.00;0;-113
570;54612;3.19;0.00;0.00;0.00;0.00;1037.55;1037.55;0.00;0.00;0.00;0.00;0.00;44330.00;44330.00;0.00;0.00;0.00;0.00;0.00;0.00;0.00;0.00;0.00;0;0;0;0;0;20;10;15.89;1.00;2.00;3.00;4.00;5.00;6.00;7.00;8.00;9.00;10.00;11.00;12.00;0.00;0;-114
570;54612;3.19;0.00;0.00;0.00;0.00;1037.55;1037.55;0.00;0.00;0.00;0.00;0.00;44330.00;44330.00;0.00;0.00;0.00;0.00;0.00;0.00;0.00;0.00;0.00;0;0;0;0;0;20;10;15.89;1.00;2.00;3.00;4.00;5.00;6.00;7.00;8.00;9.00;10.00;11.00;12.00;0.00;0;-114
571;54612;3.21;0.00;0.00;0.00;0.00;1037.55;1037.55;0.00;0.00;0.00;0.00;0.00;44330.00;44330.00;0.00;0.00;0.00;0.00;0.00;0.00;0.00;0.00;0.00;0;0;0;0;0;20;10;15.89;1.00;2.00;3.00;4.00;5.00;6.00;7.00;8.00;9.00;10.00;11.00;12.00;0.00;0;-114
572;54612;3.22;0.00;0.00;0.00;0.00;1037.55;1037.55;0.00;0.00;0.00;0.00;0.00;44330.00;44330.00;0.00;0.00;0.00;0.00;0.00;0.00;0.00;0.00;0.00;0;0;0;0;0;20;10;15.89;1.00;2.00;3.00;4.00;5.00;6.00;7.00;8.00;9.00;10.00;11.00;12.00;0.00;0;-114
575;54612;3.22;0.00;0.00;0.00;0.00;1037.55;1037.55;0.00;0.00;0.00;0.00;0.00;44330.00;44330.00;0.00;0.00;0.00;0.00;0.00;0.00;0.00;0.00;0.00;0;0;0;0;0;20;10;15.89;1.00;2.00;3.00;4.00;5.00;6.00;7.00;8.00;9.00;10.00;11.00;12.00;0.00;0;-113
576;54612;3.22;0.00;0.00;0.00;0.00;1037.55;1037.55;0.00;0.00;0.00;0.00;0.00;44330.00;44330.00;0.00;0.00;0.00;0.00;0.00;0.00;0.00;0.00;0.00;0;0;0;0;0;20;10;15.89;1.00;2.00;3.00;4.00;5.00;6.00;7.00;8.00;9.00;10.00;11.00;12.00;0.00;0;-113
577;54612;3.22;0.00;0.00;0.00;0.00;1037.55;1037.55;0.00;0.00;0.00;0.00;0.00;44330.00;44330.00;0.00;0.00;0.00;0.00;0.00;0.00;0.00;0.00;0.00;0;0;0;0;0;20;10;15.89;1.00;2.00;3.00;4.00;5.00;6.00;7.00;8.00;9.00;10.00;11.00;12.00;0.00;0;-113
578;54612;3.22;0.00;0.00;0.00;0.00;1037.55;1037.55;0.00;0.00;0.00;0.00;0.00;44330.00;44330.00;0.00;0.00;0.00;0.00;0.00;0.00;0.00;0.00;0.00;0;0;0;0;0;20;10;15.89;1.00;2.00;3.00;4.00;5.00;6.00;7.00;8.00;9.00;10.00;11.00;12.00;0.00;0;-115
579;54612;3.21;0.00;0.00;0.00;0.00;1037.55;1037.55;0.00;0.00;0.00;0.00;0.00;44330.00;44330.00;0.00;0.00;0.00;0.00;0.00;0.00;0.00;0.00;0.00;0;0;0;0;0;20;10;15.89;1.00;2.00;3.00;4.00;5.00;6.00;7.00;8.00;9.00;10.00;11.00;12.00;0.00;0;-115
580;54612;3.23;0.00;0.00;0.00;0.00;1037.55;1037.55;0.00;0.00;0.00;0.00;0.00;44330.00;44330.00;0.00;0.00;0.00;0.00;0.00;0.00;0.00;0.00;0.00;0;0;0;0;0;20;10;15.89;1.00;2.00;3.00;4.00;5.00;6.00;7.00;8.00;9.00;10.00;11.00;12.00;0.00;0;-115
582;54612;3.23;0.00;0.00;0.00;0.00;1037.55;1037.55;0.00;0.00;0.00;0.00;0.00;44330.00;44330.00;0.00;0.00;0.00;0.00;0.00;0.00;0.00;0.00;0.00;0;0;0;0;0;20;10;15.89;1.00;2.00;3.00;4.00;5.00;6.00;7.00;8.00;9.00;10.00;11.00;12.00;0.00;0;-114
583;54612;3.23;0.00;0.00;0.00;0.00;1037.55;1037.55;0.00;0.00;0.00;0.00;0.00;44330.00;44330.00;0.00;0.00;0.00;0.00;0.00;0.00;0.00;0.00;0.00;0;0;0;0;0;20;10;15.89;1.00;2.00;3.00;4.00;5.00;6.00;7.00;8.00;9.00;10.00;11.00;12.00;0.00;0;-113
584;54612;3.23;0.00;0.00;0.00;0.00;1037.55;1037.55;0.00;0.00;0.00;0.00;0.00;44330.00;44330.00;0.00;0.00;0.00;0.00;0.00;0.00;0.00;0.00;0.00;0;0;0;0;0;20;10;15.89;1.00;2.00;3.00;4.00;5.00;6.00;7.00;8.00;9.00;10.00;11.00;12.00;0.00;0;-114
586;54612;3.23;0.00;0.00;0.00;0.00;1037.55;1037.55;0.00;0.00;0.00;0.00;0.00;44330.00;44330.00;0.00;0.00;0.00;0.00;0.00;0.00;0.00;0.00;0.00;0;0;0;0;0;20;10;15.89;1.00;2.00;3.00;4.00;5.00;6.00;7.00;8.00;9.00;10.00;11.00;12.00;0.00;0;-111
587;54612;3.23;0.00;0.00;0.00;0.00;1037.55;1037.55;0.00;0.00;0.00;0.00;0.00;44330.00;44330.00;0.00;0.00;0.00;0.00;0.00;0.00;0.00;0.00;0.00;0;0;0;0;0;20;10;15.89;1.00;2.00;3.00;4.00;5.00;6.00;7.00;8.00;9.00;10.00;11.00;12.00;0.00;0;-113
588;54612;3.24;0.00;0.00;0.00;0.00;1037.55;1037.55;0.00;0.00;0.00;0.00;0.00;44330.00;44330.00;0.00;0.00;0.00;0.00;0.00;0.00;0.00;0.00;0.00;0;0;0;0;0;20;10;15.89;1.00;2.00;3.00;4.00;5.00;6.00;7.00;8.00;9.00;10.00;11.00;12.00;0.00;0;-114
591;54612;3.24;0.00;0.00;0.00;0.00;1037.55;1037.55;0.00;0.00;0.00;0.00;0.00;44330.00;44330.00;0.00;0.00;0.00;0.00;0.00;0.00;0.00;0.00;0.00;0;0;0;0;0;20;10;15.89;1.00;2.00;3.00;4.00;5.00;6.00;7.00;8.00;9.00;10.00;11.00;12.00;0.00;0;-112
592;54612;3.24;0.00;0.00;0.00;0.00;1037.55;1037.55;0.00;0.00;0.00;0.00;0.00;44330.00;44330.00;0.00;0.00;0.00;0.00;0.00;0.00;0.00;0.00;0.00;0;0;0;0;0;20;10;15.89;1.00;2.00;3.00;4.00;5.00;6.00;7.00;8.00;9.00;10.00;11.00;12.00;0.00;0;-110
593;54612;3.24;0.00;0.00;0.00;0.00;1037.55;1037.55;0.00;0.00;0.00;0.00;0.00;44330.00;44330.00;0.00;0.00;0.00;0.00;0.00;0.00;0.00;0.00;0.00;0;0;0;0;0;20;10;15.89;1.00;2.00;3.00;4.00;5.00;6.00;7.00;8.00;9.00;10.00;11.00;12.00;0.00;0;-110
594;54612;3.24;0.00;0.00;0.00;0.00;1037.55;1037.55;0.00;0.00;0.00;0.00;0.00;44330.00;44330.00;0.00;0.00;0.00;0.00;0.00;0.00;0.00;0.00;0.00;0;0;0;0;0;20;10;15.89;1.00;2.00;3.00;4.00;5.00;6.00;7.00;8.00;9.00;10.00;11.00;12.00;0.00;0;-113
596;54612;3.21;0.00;0.00;0.00;0.00;1037.55;1037.55;0.00;0.00;0.00;0.00;0.00;44330.00;44330.00;0.00;0.00;0.00;0.00;0.00;0.00;0.00;0.00;0.00;0;0;0;0;0;20;10;15.89;1.00;2.00;3.00;4.00;5.00;6.00;7.00;8.00;9.00;10.00;11.00;12.00;0.00;0;-113
599;54612;3.21;0.00;0.00;0.00;0.00;1037.55;1037.55;0.00;0.00;0.00;0.00;0.00;44330.00;44330.00;0.00;0.00;0.00;0.00;0.00;0.00;0.00;0.00;0.00;0;0;0;0;0;20;10;15.89;1.00;2.00;3.00;4.00;5.00;6.00;7.00;8.00;9.00;10.00;11.00;12.00;0.00;0;-113
600;54612;3.21;0.00;0.00;0.00;0.00;1037.55;1037.55;0.00;0.00;0.00;0.00;0.00;44330.00;44330.00;0.00;0.00;0.00;0.00;0.00;0.00;0.00;0.00;0.00;0;0;0;0;0;20;10;15.89;1.00;2.00;3.00;4.00;5.00;6.00;7.00;8.00;9.00;10.00;11.00;12.00;0.00;0;-112
601;54612;3.21;0.00;0.00;0.00;0.00;1037.55;1037.55;0.00;0.00;0.00;0.00;0.00;44330.00;44330.00;0.00;0.00;0.00;0.00;0.00;0.00;0.00;0.00;0.00;0;0;0;0;0;20;10;15.89;1.00;2.00;3.00;4.00;5.00;6.00;7.00;8.00;9.00;10.00;11.00;12.00;0.00;0;-115
602;54612;3.21;0.00;0.00;0.00;0.00;1037.55;1037.55;0.00;0.00;0.00;0.00;0.00;44330.00;44330.00;0.00;0.00;0.00;0.00;0.00;0.00;0.00;0.00;0.00;0;0;0;0;0;20;10;15.89;1.00;2.00;3.00;4.00;5.00;6.00;7.00;8.00;9.00;10.00;11.00;12.00;0.00;0;-71
603;54612;3.12;0.00;0.00;0.00;0.00;1037.55;1037.55;0.00;0.00;0.00;0.00;0.00;44330.00;44330.00;0.00;0.00;0.00;0.00;0.00;0.00;0.00;0.00;0.00;0;0;0;0;0;20;10;15.89;1.00;2.00;3.00;4.00;5.00;6.00;7.00;8.00;9.00;10.00;11.00;12.00;0.00;0;-113
604;54612;3.20;0.00;0.00;0.00;0.00;1037.55;1037.55;0.00;0.00;0.00;0.00;0.00;44330.00;44330.00;0.00;0.00;0.00;0.00;0.00;0.00;0.00;0.00;0.00;0;0;0;0;0;20;10;15.89;1.00;2.00;3.00;4.00;5.00;6.00;7.00;8.00;9.00;10.00;11.00;12.00;0.00;0;-110
606;54612;3.20;0.00;0.00;0.00;0.00;1037.55;1037.55;0.00;0.00;0.00;0.00;0.00;44330.00;44330.00;0.00;0.00;0.00;0.00;0.00;0.00;0.00;0.00;0.00;0;0;0;0;0;20;10;15.89;1.00;2.00;3.00;4.00;5.00;6.00;7.00;8.00;9.00;10.00;11.00;12.00;0.00;0;-113
607;54612;3.20;0.00;0.00;0.00;0.00;1037.55;1037.55;0.00;0.00;0.00;0.00;0.00;44330.00;44330.00;0.00;0.00;0.00;0.00;0.00;0.00;0.00;0.00;0.00;0;0;0;0;0;20;10;15.89;1.00;2.00;3.00;4.00;5.00;6.00;7.00;8.00;9.00;10.00;11.00;12.00;0.00;0;-115
608;54612;3.20;0.00;0.00;0.00;0.00;1037.55;1037.55;0.00;0.00;0.00;0.00;0.00;44330.00;44330.00;0.00;0.00;0.00;0.00;0.00;0.00;0.00;0.00;0.00;0;0;0;0;0;20;10;15.89;1.00;2.00;3.00;4.00;5.00;6.00;7.00;8.00;9.00;10.00;11.00;12.00;0.00;0;-113
609;54612;3.20;0.00;0.00;0.00;0.00;1037.55;1037.55;0.00;0.00;0.00;0.00;0.00;44330.00;44330.00;0.00;0.00;0.00;0.00;0.00;0.00;0.00;0.00;0.00;0;0;0;0;0;20;10;15.89;1.00;2.00;3.00;4.00;5.00;6.00;7.00;8.00;9.00;10.00;11.00;12.00;0.00;0;-115
610;54612;3.20;0.00;0.00;0.00;0.00;1037.55;1037.55;0.00;0.00;0.00;0.00;0.00;44330.00;44330.00;0.00;0.00;0.00;0.00;0.00;0.00;0.00;0.00;0.00;0;0;0;0;0;20;10;15.89;1.00;2.00;3.00;4.00;5.00;6.00;7.00;8.00;9.00;10.00;11.00;12.00;0.00;0;-114
611;54612;3.25;0.00;0.00;0.00;0.00;1037.55;1037.55;0.00;0.00;0.00;0.00;0.00;44330.00;44330.00;0.00;0.00;0.00;0.00;0.00;0.00;0.00;0.00;0.00;0;0;0;0;0;20;10;15.89;1.00;2.00;3.00;4.00;5.00;6.00;7.00;8.00;9.00;10.00;11.00;12.00;0.00;0;-115
613;54612;3.25;0.00;0.00;0.00;0.00;1037.55;1037.55;0.00;0.00;0.00;0.00;0.00;44330.00;44330.00;0.00;0.00;0.00;0.00;0.00;0.00;0.00;0.00;0.00;0;0;0;0;0;20;10;15.89;1.00;2.00;3.00;4.00;5.00;6.00;7.00;8.00;9.00;10.00;11.00;12.00;0.00;0;-114
615;54612;3.25;0.00;0.00;0.00;0.00;1037.55;1037.55;0.00;0.00;0.00;0.00;0.00;44330.00;44330.00;0.00;0.00;0.00;0.00;0.00;0.00;0.00;0.00;0.00;0;0;0;0;0;20;10;15.89;1.00;2.00;3.00;4.00;5.00;6.00;7.00;8.00;9.00;10.00;11.00;12.00;0.00;0;-112
616;54612;3.25;0.00;0.00;0.00;0.00;1037.55;1037.55;0.00;0.00;0.00;0.00;0.00;44330.00;44330.00;0.00;0.00;0.00;0.00;0.00;0.00;0.00;0.00;0.00;0;0;0;0;0;20;10;15.89;1.00;2.00;3.00;4.00;5.00;6.00;7.00;8.00;9.00;10.00;11.00;12.00;0.00;0;-114
617;54612;3.25;0.00;0.00;0.00;0.00;1037.55;1037.55;0.00;0.00;0.00;0.00;0.00;44330.00;44330.00;0.00;0.00;0.00;0.00;0.00;0.00;0.00;0.00;0.00;0;0;0;0;0;20;10;15.89;1.00;2.00;3.00;4.00;5.00;6.00;7.00;8.00;9.00;10.00;11.00;12.00;0.00;0;-112
618;54612;3.25;0.00;0.00;0.00;0.00;1037.55;1037.55;0.00;0.00;0.00;0.00;0.00;44330.00;44330.00;0.00;0.00;0.00;0.00;0.00;0.00;0.00;0.00;0.00;0;0;0;0;0;20;10;15.89;1.00;2.00;3.00;4.00;5.00;6.00;7.00;8.00;9.00;10.00;11.00;12.00;0.00;0;-114
620;54612;3.22;0.00;0.00;0.00;0.00;1037.55;1037.55;0.00;0.00;0.00;0.00;0.00;44330.00;44330.00;0.00;0.00;0.00;0.00;0.00;0.00;0.00;0.00;0.00;0;0;0;0;0;20;10;15.89;1.00;2.00;3.00;4.00;5.00;6.00;7.00;8.00;9.00;10.00;11.00;12.00;0.00;0;-113
622;54612;3.22;0.00;0.00;0.00;0.00;1037.55;1037.55;0.00;0.00;0.00;0.00;0.00;44330.00;44330.00;0.00;0.00;0.00;0.00;0.00;0.00;0.00;0.00;0.00;0;0;0;0;0;20;10;15.89;1.00;2.00;3.00;4.00;5.00;6.00;7.00;8.00;9.00;10.00;11.00;12.00;0.00;0;-113
623;54612;3.22;0.00;0.00;0.00;0.00;1037.55;1037.55;0.00;0.00;0.00;0.00;0.00;44330.00;44330.00;0.00;0.00;0.00;0.00;0.00;0.00;0.00;0.00;0.00;0;0;0;0;0;20;10;15.89;1.00;2.00;3.00;4.00;5.00;6.00;7.00;8.00;9.00;10.00;11.00;12.00;0.00;0;-115
624;54612;3.22;0.00;0.00;0.00;0.00;1037.55;1037.55;0.00;0.00;0.00;0.00;0.00;44330.00;44330.00;0.00;0.00;0.00;0.00;0.00;0.00;0.00;0.00;0.00;0;0;0;0;0;20;10;15.89;1.00;2.00;3.00;4.00;5.00;6.00;7.00;8.00;9.00;10.00;11.00;12.00;0.00;0;-112
626;54612;3.22;0.00;0.00;0.00;0.00;1037.55;1037.55;0.00;0.00;0.00;0.00;0.00;44330.00;44330.00;0.00;0.00;0.00;0.00;0.00;0.00;0.00;0.00;0.00;0;0;0;0;0;20;10;15.89;1.00;2.00;3.00;4.00;5.00;6.00;7.00;8.00;9.00;10.00;11.00;12.00;0.00;0;-114
627;54612;3.25;0.00;0.00;0.00;0.00;1037.55;1037.55;0.00;0.00;0.00;0.00;0.00;44330.00;44330.00;0.00;0.00;0.00;0.00;0.00;0.00;0.00;0.00;0.00;0;0;0;0;0;20;10;15.89;1.00;2.00;3.00;4.00;5.00;6.00;7.00;8.00;9.00;10.00;11.00;12.00;0.00;0;-115
631;54612;3.25;0.00;0.00;0.00;0.00;1037.55;1037.55;0.00;0.00;0.00;0.00;0.00;44330.00;44330.00;0.00;0.00;0.00;0.00;0.00;0.00;0.00;0.00;0.00;0;0;0;0;0;20;10;15.89;1.00;2.00;3.00;4.00;5.00;6.00;7.00;8.00;9.00;10.00;11.00;12.00;0.00;0;-115
632;54612;3.25;0.00;0.00;0.00;0.00;1037.55;1037.55;0.00;0.00;0.00;0.00;0.00;44330.00;44330.00;0.00;0.00;0.00;0.00;0.00;0.00;0.00;0.00;0.00;0;0;0;0;0;20;10;15.89;1.00;2.00;3.00;4.00;5.00;6.00;7.00;8.00;9.00;10.00;11.00;12.00;0.00;0;-115
634;54612;3.25;0.00;0.00;0.00;0.00;1037.55;1037.55;0.00;0.00;0.00;0.00;0.00;44330.00;44330.00;0.00;0.00;0.00;0.00;0.00;0.00;0.00;0.00;0.00;0;0;0;0;0;20;10;15.89;1.00;2.00;3.00;4.00;5.00;6.00;7.00;8.00;9.00;10.00;11.00;12.00;0.00;0;-115
636;54612;3.26;0.00;0.00;0.00;0.00;1037.55;1037.55;0.00;0.00;0.00;0.00;0.00;44330.00;44330.00;0.00;0.00;0.00;0.00;0.00;0.00;0.00;0.00;0.00;0;0;0;0;0;20;10;15.89;1.00;2.00;3.00;4.00;5.00;6.00;7.00;8.00;9.00;10.00;11.00;12.00;0.00;0;-115
639;54612;3.26;0.00;0.00;0.00;0.00;1037.55;1037.55;0.00;0.00;0.00;0.00;0.00;44330.00;44330.00;0.00;0.00;0.00;0.00;0.00;0.00;0.00;0.00;0.00;0;0;0;0;0;20;10;15.89;1.00;2.00;3.00;4.00;5.00;6.00;7.00;8.00;9.00;10.00;11.00;12.00;0.00;0;-115
640;54612;3.26;0.00;0.00;0.00;0.00;1037.55;1037.55;0.00;0.00;0.00;0.00;0.00;44330.00;44330.00;0.00;0.00;0.00;0.00;0.00;0.00;0.00;0.00;0.00;0;0;0;0;0;20;10;15.89;1.00;2.00;3.00;4.00;5.00;6.00;7.00;8.00;9.00;10.00;11.00;12.00;0.00;0;-114
641;54612;3.26;0.00;0.00;0.00;0.00;1037.55;1037.55;0.00;0.00;0.00;0.00;0.00;44330.00;44330.00;0.00;0.00;0.00;0.00;0.00;0.00;0.00;0.00;0.00;0;0;0;0;0;20;10;15.89;1.00;2.00;3.00;4.00;5.00;6.00;7.00;8.00;9.00;10.00;11.00;12.00;0.00;0;-114
643;54612;3.27;0.00;0.00;0.00;0.00;1037.55;1037.55;0.00;0.00;0.00;0.00;0.00;44330.00;44330.00;0.00;0.00;0.00;0.00;0.00;0.00;0.00;0.00;0.00;0;0;0;0;0;20;10;15.89;1.00;2.00;3.00;4.00;5.00;6.00;7.00;8.00;9.00;10.00;11.00;12.00;0.00;0;-114
645;54612;3.27;0.00;0.00;0.00;0.00;1037.55;1037.55;0.00;0.00;0.00;0.00;0.00;44330.00;44330.00;0.00;0.00;0.00;0.00;0.00;0.00;0.00;0.00;0.00;0;0;0;0;0;20;10;15.89;1.00;2.00;3.00;4.00;5.00;6.00;7.00;8.00;9.00;10.00;11.00;12.00;0.00;0;-113
647;54612;3.27;0.00;0.00;0.00;0.00;1037.55;1037.55;0.00;0.00;0.00;0.00;0.00;44330.00;44330.00;0.00;0.00;0.00;0.00;0.00;0.00;0.00;0.00;0.00;0;0;0;0;0;20;10;15.89;1.00;2.00;3.00;4.00;5.00;6.00;7.00;8.00;9.00;10.00;11.00;12.00;0.00;0;-113
648;54612;3.27;0.00;0.00;0.00;0.00;1037.55;1037.55;0.00;0.00;0.00;0.00;0.00;44330.00;44330.00;0.00;0.00;0.00;0.00;0.00;0.00;0.00;0.00;0.00;0;0;0;0;0;20;10;15.89;1.00;2.00;3.00;4.00;5.00;6.00;7.00;8.00;9.00;10.00;11.00;12.00;0.00;0;-112
650;54612;3.27;0.00;0.00;0.00;0.00;1037.55;1037.55;0.00;0.00;0.00;0.00;0.00;44330.00;44330.00;0.00;0.00;0.00;0.00;0.00;0.00;0.00;0.00;0.00;0;0;0;0;0;20;10;15.89;1.00;2.00;3.00;4.00;5.00;6.00;7.00;8.00;9.00;10.00;11.00;12.00;0.00;0;-111
655;54612;3.27;0.00;0.00;0.00;0.00;1037.55;1037.55;0.00;0.00;0.00;0.00;0.00;44330.00;44330.00;0.00;0.00;0.00;0.00;0.00;0.00;0.00;0.00;0.00;0;0;0;0;0;20;10;15.89;1.00;2.00;3.00;4.00;5.00;6.00;7.00;8.00;9.00;10.00;11.00;12.00;0.00;0;-112
656;54612;3.27;0.00;0.00;0.00;0.00;1037.55;1037.55;0.00;0.00;0.00;0.00;0.00;44330.00;44330.00;0.00;0.00;0.00;0.00;0.00;0.00;0.00;0.00;0.00;0;0;0;0;0;20;10;15.89;1.00;2.00;3.00;4.00;5.00;6.00;7.00;8.00;9.00;10.00;11.00;12.00;0.00;0;-111
657;54612;3.27;0.00;0.00;0.00;0.00;1037.55;1037.55;0.00;0.00;0.00;0.00;0.00;44330.00;44330.00;0.00;0.00;0.00;0.00;0.00;0.00;0.00;0.00;0.00;0;0;0;0;0;20;10;15.89;1.00;2.00;3.00;4.00;5.00;6.00;7.00;8.00;9.00;10.00;11.00;12.00;0.00;0;-113
658;54612;3.27;0.00;0.00;0.00;0.00;1037.55;1037.55;0.00;0.00;0.00;0.00;0.00;44330.00;44330.00;0.00;0.00;0.00;0.00;0.00;0.00;0.00;0.00;0.00;0;0;0;0;0;20;10;15.89;1.00;2.00;3.00;4.00;5.00;6.00;7.00;8.00;9.00;10.00;11.00;12.00;0.00;0;-73
659;54612;3.25;0.00;0.00;0.00;0.00;1037.55;1037.55;0.00;0.00;0.00;0.00;0.00;44330.00;44330.00;0.00;0.00;0.00;0.00;0.00;0.00;0.00;0.00;0.00;0;0;0;0;0;20;10;15.89;1.00;2.00;3.00;4.00;5.00;6.00;7.00;8.00;9.00;10.00;11.00;12.00;0.00;0;-113
660;54612;3.29;0.00;0.00;0.00;0.00;1037.55;1037.55;0.00;0.00;0.00;0.00;0.00;44330.00;44330.00;0.00;0.00;0.00;0.00;0.00;0.00;0.00;0.00;0.00;0;0;0;0;0;20;10;15.89;1.00;2.00;3.00;4.00;5.00;6.00;7.00;8.00;9.00;10.00;11.00;12.00;0.00;0;-112
661;54612;3.29;0.00;0.00;0.00;0.00;1037.55;1037.55;0.00;0.00;0.00;0.00;0.00;44330.00;44330.00;0.00;0.00;0.00;0.00;0.00;0.00;0.00;0.00;0.00;0;0;0;0;0;20;10;15.89;1.00;2.00;3.00;4.00;5.00;6.00;7.00;8.00;9.00;10.00;11.00;12.00;0.00;0;-113
663;54612;3.29;0.00;0.00;0.00;0.00;1037.55;1037.55;0.00;0.00;0.00;0.00;0.00;44330.00;44330.00;0.00;0.00;0.00;0.00;0.00;0.00;0.00;0.00;0.00;0;0;0;0;0;20;10;15.89;1.00;2.00;3.00;4.00;5.00;6.00;7.00;8.00;9.00;10.00;11.00;12.00;0.00;0;-116
664;54612;3.29;0.00;0.00;0.00;0.00;1037.55;1037.55;0.00;0.00;0.00;0.00;0.00;44330.00;44330.00;0.00;0.00;0.00;0.00;0.00;0.00;0.00;0.00;0.00;0;0;0;0;0;20;10;15.89;1.00;2.00;3.00;4.00;5.00;6.00;7.00;8.00;9.00;10.00;11.00;12.00;0.00;0;-71
665;54612;3.29;0.00;0.00;0.00;0.00;1037.55;1037.55;0.00;0.00;0.00;0.00;0.00;44330.00;44330.00;0.00;0.00;0.00;0.00;0.00;0.00;0.00;0.00;0.00;0;0;0;0;0;20;10;15.89;1.00;2.00;3.00;4.00;5.00;6.00;7.00;8.00;9.00;10.00;11.00;12.00;0.00;0;-114
666;54612;3.29;0.00;0.00;0.00;0.00;1037.55;1037.55;0.00;0.00;0.00;0.00;0.00;44330.00;44330.00;0.00;0.00;0.00;0.00;0.00;0.00;0.00;0.00;0.00;0;0;0;0;0;20;10;15.89;1.00;2.00;3.00;4.00;5.00;6.00;7.00;8.00;9.00;10.00;11.00;12.00;0.00;0;-112
667;54612;3.27;0.00;0.00;0.00;0.00;1037.55;1037.55;0.00;0.00;0.00;0.00;0.00;44330.00;44330.00;0.00;0.00;0.00;0.00;0.00;0.00;0.00;0.00;0.00;0;0;0;0;0;20;10;15.89;1.00;2.00;3.00;4.00;5.00;6.00;7.00;8.00;9.00;10.00;11.00;12.00;0.00;0;-114
668;54612;3.26;0.00;0.00;0.00;0.00;1037.55;1037.55;0.00;0.00;0.00;0.00;0.00;44330.00;44330.00;0.00;0.00;0.00;0.00;0.00;0.00;0.00;0.00;0.00;0;0;0;0;0;20;10;15.89;1.00;2.00;3.00;4.00;5.00;6.00;7.00;8.00;9.00;10.00;11.00;12.00;0.00;0;-113
671;54612;3.26;0.00;0.00;0.00;0.00;1037.55;1037.55;0.00;0.00;0.00;0.00;0.00;44330.00;44330.00;0.00;0.00;0.00;0.00;0.00;0.00;0.00;0.00;0.00;0;0;0;0;0;20;10;15.89;1.00;2.00;3.00;4.00;5.00;6.00;7.00;8.00;9.00;10.00;11.00;12.00;0.00;0;-112
672;54612;3.26;0.00;0.00;0.00;0.00;1037.55;1037.55;0.00;0.00;0.00;0.00;0.00;44330.00;44330.00;0.00;0.00;0.00;0.00;0.00;0.00;0.00;0.00;0.00;0;0;0;0;0;20;10;15.89;1.00;2.00;3.00;4.00;5.00;6.00;7.00;8.00;9.00;10.00;11.00;12.00;0.00;0;-113
673;54612;3.26;0.00;0.00;0.00;0.00;1037.55;1037.55;0.00;0.00;0.00;0.00;0.00;44330.00;44330.00;0.00;0.00;0.00;0.00;0.00;0.00;0.00;0.00;0.00;0;0;0;0;0;20;10;15.89;1.00;2.00;3.00;4.00;5.00;6.00;7.00;8.00;9.00;10.00;11.00;12.00;0.00;0;-109
674;54612;3.26;0.00;0.00;0.00;0.00;1037.55;1037.55;0.00;0.00;0.00;0.00;0.00;44330.00;44330.00;0.00;0.00;0.00;0.00;0.00;0.00;0.00;0.00;0.00;0;0;0;0;0;20;10;15.89;1.00;2.00;3.00;4.00;5.00;6.00;7.00;8.00;9.00;10.00;11.00;12.00;0.00;0;-112
675;54612;3.27;0.00;0.00;0.00;0.00;1037.55;1037.55;0.00;0.00;0.00;0.00;0.00;44330.00;44330.00;0.00;0.00;0.00;0.00;0.00;0.00;0.00;0.00;0.00;0;0;0;0;0;20;10;15.89;1.00;2.00;3.00;4.00;5.00;6.00;7.00;8.00;9.00;10.00;11.00;12.00;0.00;0;-113
676;54612;3.25;0.00;0.00;0.00;0.00;1037.55;1037.55;0.00;0.00;0.00;0.00;0.00;44330.00;44330.00;0.00;0.00;0.00;0.00;0.00;0.00;0.00;0.00;0.00;0;0;0;0;0;20;10;15.89;1.00;2.00;3.00;4.00;5.00;6.00;7.00;8.00;9.00;10.00;11.00;12.00;0.00;0;-72
677;54612;3.25;0.00;0.00;0.00;0.00;1037.55;1037.55;0.00;0.00;0.00;0.00;0.00;44330.00;44330.00;0.00;0.00;0.00;0.00;0.00;0.00;0.00;0.00;0.00;0;0;0;0;0;20;10;15.89;1.00;2.00;3.00;4.00;5.00;6.00;7.00;8.00;9.00;10.00;11.00;12.00;0.00;0;-112
678;54612;3.25;0.00;0.00;0.00;0.00;1037.55;1037.55;0.00;0.00;0.00;0.00;0.00;44330.00;44330.00;0.00;0.00;0.00;0.00;0.00;0.00;0.00;0.00;0.00;0;0;0;0;0;20;10;15.89;1.00;2.00;3.00;4.00;5.00;6.00;7.00;8.00;9.00;10.00;11.00;12.00;0.00;0;-114
679;54612;3.25;0.00;0.00;0.00;0.00;1037.55;1037.55;0.00;0.00;0.00;0.00;0.00;44330.00;44330.00;0.00;0.00;0.00;0.00;0.00;0.00;0.00;0.00;0.00;0;0;0;0;0;20;10;15.89;1.00;2.00;3.00;4.00;5.00;6.00;7.00;8.00;9.00;10.00;11.00;12.00;0.00;0;-72
680;54612;3.25;0.00;0.00;0.00;0.00;1037.55;1037.55;0.00;0.00;0.00;0.00;0.00;44330.00;44330.00;0.00;0.00;0.00;0.00;0.00;0.00;0.00;0.00;0.00;0;0;0;0;0;20;10;15.89;1.00;2.00;3.00;4.00;5.00;6.00;7.00;8.00;9.00;10.00;11.00;12.00;0.00;0;-116
681;54612;3.25;0.00;0.00;0.00;0.00;1037.55;1037.55;0.00;0.00;0.00;0.00;0.00;44330.00;44330.00;0.00;0.00;0.00;0.00;0.00;0.00;0.00;0.00;0.00;0;0;0;0;0;20;10;15.89;1.00;2.00;3.00;4.00;5.00;6.00;7.00;8.00;9.00;10.00;11.00;12.00;0.00;0;-115
682;54612;3.25;0.00;0.00;0.00;0.00;1037.55;1037.55;0.00;0.00;0.00;0.00;0.00;44330.00;44330.00;0.00;0.00;0.00;0.00;0.00;0.00;0.00;0.00;0.00;0;0;0;0;0;20;10;15.89;1.00;2.00;3.00;4.00;5.00;6.00;7.00;8.00;9.00;10.00;11.00;12.00;0.00;0;-111
683;54612;3.27;0.00;0.00;0.00;0.00;1037.55;1037.55;0.00;0.00;0.00;0.00;0.00;44330.00;44330.00;0.00;0.00;0.00;0.00;0.00;0.00;0.00;0.00;0.00;0;0;0;0;0;20;10;15.89;1.00;2.00;3.00;4.00;5.00;6.00;7.00;8.00;9.00;10.00;11.00;12.00;0.00;0;-113
684;54612;3.27;0.00;0.00;0.00;0.00;1037.55;1037.55;0.00;0.00;0.00;0.00;0.00;44330.00;44330.00;0.00;0.00;0.00;0.00;0.00;0.00;0.00;0.00;0.00;0;0;0;0;0;20;10;15.89;1.00;2.00;3.00;4.00;5.00;6.00;7.00;8.00;9.00;10.00;11.00;12.00;0.00;0;-114
687;54612;3.27;0.00;0.00;0.00;0.00;1037.55;1037.55;0.00;0.00;0.00;0.00;0.00;44330.00;44330.00;0.00;0.00;0.00;0.00;0.00;0.00;0.00;0.00;0.00;0;0;0;0;0;20;10;15.89;1.00;2.00;3.00;4.00;5.00;6.00;7.00;8.00;9.00;10.00;11.00;12.00;0.00;0;-116
688;54612;3.27;0.00;0.00;0.00;0.00;1037.55;1037.55;0.00;0.00;0.00;0.00;0.00;44330.00;44330.00;0.00;0.00;0.00;0.00;0.00;0.00;0.00;0.00;0.00;0;0;0;0;0;20;10;15.89;1.00;2.00;3.00;4.00;5.00;6.00;7.00;8.00;9.00;10.00;11.00;12.00;0.00;0;-113
689;54612;3.27;0.00;0.00;0.00;0.00;1037.55;1037.55;0.00;0.00;0.00;0.00;0.00;44330.00;44330.00;0.00;0.00;0.00;0.00;0.00;0.00;0.00;0.00;0.00;0;0;0;0;0;20;10;15.89;1.00;2.00;3.00;4.00;5.00;6.00;7.00;8.00;9.00;10.00;11.00;12.00;0.00;0;-113
690;54612;3.27;0.00;0.00;0.00;0.00;1037.55;1037.55;0.00;0.00;0.00;0.00;0.00;44330.00;44330.00;0.00;0.00;0.00;0.00;0.00;0.00;0.00;0.00;0.00;0;0;0;0;0;20;10;15.89;1.00;2.00;3.00;4.00;5.00;6.00;7.00;8.00;9.00;10.00;11.00;12.00;0.00;0;-113
695;54612;3.27;0.00;0.00;0.00;0.00;1037.55;1037.55;0.00;0.00;0.00;0.00;0.00;44330.00;44330.00;0.00;0.00;0.00;0.00;0.00;0.00;0.00;0.00;0.00;0;0;0;0;0;20;10;15.89;1.00;2.00;3.00;4.00;5.00;6.00;7.00;8.00;9.00;10.00;11.00;12.00;0.00;0;-112
696;54612;3.27;0.00;0.00;0.00;0.00;1037.55;1037.55;0.00;0.00;0.00;0.00;0.00;44330.00;44330.00;0.00;0.00;0.00;0.00;0.00;0.00;0.00;0.00;0.00;0;0;0;0;0;20;10;15.89;1.00;2.00;3.00;4.00;5.00;6.00;7.00;8.00;9.00;10.00;11.00;12.00;0.00;0;-114
698;54612;3.27;0.00;0.00;0.00;0.00;1037.55;1037.55;0.00;0.00;0.00;0.00;0.00;44330.00;44330.00;0.00;0.00;0.00;0.00;0.00;0.00;0.00;0.00;0.00;0;0;0;0;0;20;10;15.89;1.00;2.00;3.00;4.00;5.00;6.00;7.00;8.00;9.00;10.00;11.00;12.00;0.00;0;-113
699;54612;3.25;0.00;0.00;0.00;0.00;1037.55;1037.55;0.00;0.00;0.00;0.00;0.00;44330.00;44330.00;0.00;0.00;0.00;0.00;0.00;0.00;0.00;0.00;0.00;0;0;0;0;0;20;10;15.89;1.00;2.00;3.00;4.00;5.00;6.00;7.00;8.00;9.00;10.00;11.00;12.00;0.00;0;-111
700;54612;3.20;0.00;0.00;0.00;0.00;1037.55;1037.55;0.00;0.00;0.00;0.00;0.00;44330.00;44330.00;0.00;0.00;0.00;0.00;0.00;0.00;0.00;0.00;0.00;0;0;0;0;0;20;10;15.89;1.00;2.00;3.00;4.00;5.00;6.00;7.00;8.00;9.00;10.00;11.00;12.00;0.00;0;-71
701;54612;3.20;0.00;0.00;0.00;0.00;1037.55;1037.55;0.00;0.00;0.00;0.00;0.00;44330.00;44330.00;0.00;0.00;0.00;0.00;0.00;0.00;0.00;0.00;0.00;0;0;0;0;0;20;10;15.89;1.00;2.00;3.00;4.00;5.00;6.00;7.00;8.00;9.00;10.00;11.00;12.00;0.00;0;-111
702;54612;3.20;0.00;0.00;0.00;0.00;1037.55;1037.55;0.00;0.00;0.00;0.00;0.00;44330.00;44330.00;0.00;0.00;0.00;0.00;0.00;0.00;0.00;0.00;0.00;0;0;0;0;0;20;10;15.89;1.00;2.00;3.00;4.00;5.00;6.00;7.00;8.00;9.00;10.00;11.00;12.00;0.00;0;-111
703;54612;3.20;0.00;0.00;0.00;0.00;1037.55;1037.55;0.00;0.00;0.00;0.00;0.00;44330.00;44330.00;0.00;0.00;0.00;0.00;0.00;0.00;0.00;0.00;0.00;0;0;0;0;0;20;10;15.89;1.00;2.00;3.00;4.00;5.00;6.00;7.00;8.00;9.00;10.00;11.00;12.00;0.00;0;-115
704;54612;3.20;0.00;0.00;0.00;0.00;1037.55;1037.55;0.00;0.00;0.00;0.00;0.00;44330.00;44330.00;0.00;0.00;0.00;0.00;0.00;0.00;0.00;0.00;0.00;0;0;0;0;0;20;10;15.89;1.00;2.00;3.00;4.00;5.00;6.00;7.00;8.00;9.00;10.00;11.00;12.00;0.00;0;-115
705;54612;3.20;0.00;0.00;0.00;0.00;1037.55;1037.55;0.00;0.00;0.00;0.00;0.00;44330.00;44330.00;0.00;0.00;0.00;0.00;0.00;0.00;0.00;0.00;0.00;0;0;0;0;0;20;10;15.89;1.00;2.00;3.00;4.00;5.00;6.00;7.00;8.00;9.00;10.00;11.00;12.00;0.00;0;-113
706;54612;3.20;0.00;0.00;0.00;0.00;1037.55;1037.55;0.00;0.00;0.00;0.00;0.00;44330.00;44330.00;0.00;0.00;0.00;0.00;0.00;0.00;0.00;0.00;0.00;0;0;0;0;0;20;10;15.89;1.00;2.00;3.00;4.00;5.00;6.00;7.00;8.00;9.00;10.00;11.00;12.00;0.00;0;-111
707;54612;3.25;0.00;0.00;0.00;0.00;1037.55;1037.55;0.00;0.00;0.00;0.00;0.00;44330.00;44330.00;0.00;0.00;0.00;0.00;0.00;0.00;0.00;0.00;0.00;0;0;0;0;0;20;10;15.89;1.00;2.00;3.00;4.00;5.00;6.00;7.00;8.00;9.00;10.00;11.00;12.00;0.00;0;-115
707;54612;3.25;0.00;0.00;0.00;0.00;1037.55;1037.55;0.00;0.00;0.00;0.00;0.00;44330.00;44330.00;0.00;0.00;0.00;0.00;0.00;0.00;0.00;0.00;0.00;0;0;0;0;0;20;10;15.89;1.00;2.00;3.00;4.00;5.00;6.00;7.00;8.00;9.00;10.00;11.00;12.00;0.00;0;-115
708;54612;3.20;0.00;0.00;0.00;0.00;1037.55;1037.55;0.00;0.00;0.00;0.00;0.00;44330.00;44330.00;0.00;0.00;0.00;0.00;0.00;0.00;0.00;0.00;0.00;0;0;0;0;0;20;10;15.89;1.00;2.00;3.00;4.00;5.00;6.00;7.00;8.00;9.00;10.00;11.00;12.00;0.00;0;-114
710;54612;3.20;0.00;0.00;0.00;0.00;1037.55;1037.55;0.00;0.00;0.00;0.00;0.00;44330.00;44330.00;0.00;0.00;0.00;0.00;0.00;0.00;0.00;0.00;0.00;0;0;0;0;0;20;10;15.89;1.00;2.00;3.00;4.00;5.00;6.00;7.00;8.00;9.00;10.00;11.00;12.00;0.00;0;-114
711;54612;3.20;0.00;0.00;0.00;0.00;1037.55;1037.55;0.00;0.00;0.00;0.00;0.00;44330.00;44330.00;0.00;0.00;0.00;0.00;0.00;0.00;0.00;0.00;0.00;0;0;0;0;0;20;10;15.89;1.00;2.00;3.00;4.00;5.00;6.00;7.00;8.00;9.00;10.00;11.00;12.00;0.00;0;-115
712;54612;3.20;0.00;0.00;0.00;0.00;1037.55;1037.55;0.00;0.00;0.00;0.00;0.00;44330.00;44330.00;0.00;0.00;0.00;0.00;0.00;0.00;0.00;0.00;0.00;0;0;0;0;0;20;10;15.89;1.00;2.00;3.00;4.00;5.00;6.00;7.00;8.00;9.00;10.00;11.00;12.00;0.00;0;-114
713;54612;3.20;0.00;0.00;0.00;0.00;1037.55;1037.55;0.00;0.00;0.00;0.00;0.00;44330.00;44330.00;0.00;0.00;0.00;0.00;0.00;0.00;0.00;0.00;0.00;0;0;0;0;0;20;10;15.89;1.00;2.00;3.00;4.00;5.00;6.00;7.00;8.00;9.00;10.00;11.00;12.00;0.00;0;-112
714;54612;3.20;0.00;0.00;0.00;0.00;1037.55;1037.55;0.00;0.00;0.00;0.00;0.00;44330.00;44330.00;0.00;0.00;0.00;0.00;0.00;0.00;0.00;0.00;0.00;0;0;0;0;0;20;10;15.89;1.00;2.00;3.00;4.00;5.00;6.00;7.00;8.00;9.00;10.00;11.00;12.00;0.00;0;-113
715;54612;3.27;0.00;0.00;0.00;0.00;1037.55;1037.55;0.00;0.00;0.00;0.00;0.00;44330.00;44330.00;0.00;0.00;0.00;0.00;0.00;0.00;0.00;0.00;0.00;0;0;0;0;0;20;10;15.89;1.00;2.00;3.00;4.00;5.00;6.00;7.00;8.00;9.00;10.00;11.00;12.00;0.00;0;-113
716;54612;3.26;0.00;0.00;0.00;0.00;1037.55;1037.55;0.00;0.00;0.00;0.00;0.00;44330.00;44330.00;0.00;0.00;0.00;0.00;0.00;0.00;0.00;0.00;0.00;0;0;0;0;0;20;10;15.89;1.00;2.00;3.00;4.00;5.00;6.00;7.00;8.00;9.00;10.00;11.00;12.00;0.00;0;-112
717;54612;3.26;0.00;0.00;0.00;0.00;1037.55;1037.55;0.00;0.00;0.00;0.00;0.00;44330.00;44330.00;0.00;0.00;0.00;0.00;0.00;0.00;0.00;0.00;0.00;0;0;0;0;0;20;10;15.89;1.00;2.00;3.00;4.00;5.00;6.00;7.00;8.00;9.00;10.00;11.00;12.00;0.00;0;-113
719;54612;3.26;0.00;0.00;0.00;0.00;1037.55;1037.55;0.00;0.00;0.00;0.00;0.00;44330.00;44330.00;0.00;0.00;0.00;0.00;0.00;0.00;0.00;0.00;0.00;0;0;0;0;0;20;10;15.89;1.00;2.00;3.00;4.00;5.00;6.00;7.00;8.00;9.00;10.00;11.00;12.00;0.00;0;-113
720;54612;3.26;0.00;0.00;0.00;0.00;1037.55;1037.55;0.00;0.00;0.00;0.00;0.00;44330.00;44330.00;0.00;0.00;0.00;0.00;0.00;0.00;0.00;0.00;0.00;0;0;0;0;0;20;10;15.89;1.00;2.00;3.00;4.00;5.00;6.00;7.00;8.00;9.00;10.00;11.00;12.00;0.00;0;-71
721;54612;3.26;0.00;0.00;0.00;0.00;1037.55;1037.55;0.00;0.00;0.00;0.00;0.00;44330.00;44330.00;0.00;0.00;0.00;0.00;0.00;0.00;0.00;0.00;0.00;0;0;0;0;0;20;10;15.89;1.00;2.00;3.00;4.00;5.00;6.00;7.00;8.00;9.00;10.00;11.00;12.00;0.00;0;-113
723;54612;3.27;0.00;0.00;0.00;0.00;1037.55;1037.55;0.00;0.00;0.00;0.00;0.00;44330.00;44330.00;0.00;0.00;0.00;0.00;0.00;0.00;0.00;0.00;0.00;0;0;0;0;0;20;10;15.89;1.00;2.00;3.00;4.00;5.00;6.00;7.00;8.00;9.00;10.00;11.00;12.00;0.00;0;-113
724;54612;3.26;0.00;0.00;0.00;0.00;1037.55;1037.55;0.00;0.00;0.00;0.00;0.00;44330.00;44330.00;0.00;0.00;0.00;0.00;0.00;0.00;0.00;0.00;0.00;0;0;0;0;0;20;10;15.89;1.00;2.00;3.00;4.00;5.00;6.00;7.00;8.00;9.00;10.00;11.00;12.00;0.00;0;-113
725;54612;3.26;0.00;0.00;0.00;0.00;1037.55;1037.55;0.00;0.00;0.00;0.00;0.00;44330.00;44330.00;0.00;0.00;0.00;0.00;0.00;0.00;0.00;0.00;0.00;0;0;0;0;0;20;10;15.89;1.00;2.00;3.00;4.00;5.00;6.00;7.00;8.00;9.00;10.00;11.00;12.00;0.00;0;-115
727;54612;3.26;0.00;0.00;0.00;0.00;1037.55;1037.55;0.00;0.00;0.00;0.00;0.00;44330.00;44330.00;0.00;0.00;0.00;0.00;0.00;0.00;0.00;0.00;0.00;0;0;0;0;0;20;10;15.89;1.00;2.00;3.00;4.00;5.00;6.00;7.00;8.00;9.00;10.00;11.00;12.00;0.00;0;-110
728;54612;3.26;0.00;0.00;0.00;0.00;1037.55;1037.55;0.00;0.00;0.00;0.00;0.00;44330.00;44330.00;0.00;0.00;0.00;0.00;0.00;0.00;0.00;0.00;0.00;0;0;0;0;0;20;10;15.89;1.00;2.00;3.00;4.00;5.00;6.00;7.00;8.00;9.00;10.00;11.00;12.00;0.00;0;-110
729;54612;3.26;0.00;0.00;0.00;0.00;1037.55;1037.55;0.00;0.00;0.00;0.00;0.00;44330.00;44330.00;0.00;0.00;0.00;0.00;0.00;0.00;0.00;0.00;0.00;0;0;0;0;0;20;10;15.89;1.00;2.00;3.00;4.00;5.00;6.00;7.00;8.00;9.00;10.00;11.00;12.00;0.00;0;-112
735;54612;3.26;0.00;0.00;0.00;0.00;1037.55;1037.55;0.00;0.00;0.00;0.00;0.00;44330.00;44330.00;0.00;0.00;0.00;0.00;0.00;0.00;0.00;0.00;0.00;0;0;0;0;0;20;10;15.89;1.00;2.00;3.00;4.00;5.00;6.00;7.00;8.00;9.00;10.00;11.00;12.00;0.00;0;-112
736;54612;3.26;0.00;0.00;0.00;0.00;1037.55;1037.55;0.00;0.00;0.00;0.00;0.00;44330.00;44330.00;0.00;0.00;0.00;0.00;0.00;0.00;0.00;0.00;0.00;0;0;0;0;0;20;10;15.89;1.00;2.00;3.00;4.00;5.00;6.00;7.00;8.00;9.00;10.00;11.00;12.00;0.00;0;-112
737;54612;3.26;0.00;0.00;0.00;0.00;1037.55;1037.55;0.00;0.00;0.00;0.00;0.00;44330.00;44330.00;0.00;0.00;0.00;0.00;0.00;0.00;0.00;0.00;0.00;0;0;0;0;0;20;10;15.89;1.00;2.00;3.00;4.00;5.00;6.00;7.00;8.00;9.00;10.00;11.00;12.00;0.00;0;-110
739;54612;3.12;0.00;0.00;0.00;0.00;1037.55;1037.55;0.00;0.00;0.00;0.00;0.00;44330.00;44330.00;0.00;0.00;0.00;0.00;0.00;0.00;0.00;0.00;0.00;0;0;0;0;0;20;10;15.89;1.00;2.00;3.00;4.00;5.00;6.00;7.00;8.00;9.00;10.00;11.00;12.00;0.00;0;-71
740;54612;3.24;0.00;0.00;0.00;0.00;1037.55;1037.55;0.00;0.00;0.00;0.00;0.00;44330.00;44330.00;0.00;0.00;0.00;0.00;0.00;0.00;0.00;0.00;0.00;0;0;0;0;0;20;10;15.89;1.00;2.00;3.00;4.00;5.00;6.00;7.00;8.00;9.00;10.00;11.00;12.00;0.00;0;-112
742;54612;3.24;0.00;0.00;0.00;0.00;1037.55;1037.55;0.00;0.00;0.00;0.00;0.00;44330.00;44330.00;0.00;0.00;0.00;0.00;0.00;0.00;0.00;0.00;0.00;0;0;0;0;0;20;10;15.89;1.00;2.00;3.00;4.00;5.00;6.00;7.00;8.00;9.00;10.00;11.00;12.00;0.00;0;-113
743;54612;3.24;0.00;0.00;0.00;0.00;1037.55;1037.55;0.00;0.00;0.00;0.00;0.00;44330.00;44330.00;0.00;0.00;0.00;0.00;0.00;0.00;0.00;0.00;0.00;0;0;0;0;0;20;10;15.89;1.00;2.00;3.00;4.00;5.00;6.00;7.00;8.00;9.00;10.00;11.00;12.00;0.00;0;-72
744;54612;3.24;0.00;0.00;0.00;0.00;1037.55;1037.55;0.00;0.00;0.00;0.00;0.00;44330.00;44330.00;0.00;0.00;0.00;0.00;0.00;0.00;0.00;0.00;0.00;0;0;0;0;0;20;10;15.89;1.00;2.00;3.00;4.00;5.00;6.00;7.00;8.00;9.00;10.00;11.00;12.00;0.00;0;-113
745;54612;3.24;0.00;0.00;0.00;0.00;1037.55;1037.55;0.00;0.00;0.00;0.00;0.00;44330.00;44330.00;0.00;0.00;0.00;0.00;0.00;0.00;0.00;0.00;0.00;0;0;0;0;0;20;10;15.89;1.00;2.00;3.00;4.00;5.00;6.00;7.00;8.00;9.00;10.00;11.00;12.00;0.00;0;-114
746;54612;3.24;0.00;0.00;0.00;0.00;1037.55;1037.55;0.00;0.00;0.00;0.00;0.00;44330.00;44330.00;0.00;0.00;0.00;0.00;0.00;0.00;0.00;0.00;0.00;0;0;0;0;0;20;10;15.89;1.00;2.00;3.00;4.00;5.00;6.00;7.00;8.00;9.00;10.00;11.00;12.00;0.00;0;-114
747;54612;3.27;0.00;0.00;0.00;0.00;1037.55;1037.55;0.00;0.00;0.00;0.00;0.00;44330.00;44330.00;0.00;0.00;0.00;0.00;0.00;0.00;0.00;0.00;0.00;0;0;0;0;0;20;10;15.89;1.00;2.00;3.00;4.00;5.00;6.00;7.00;8.00;9.00;10.00;11.00;12.00;0.00;0;-114
748;54612;2.69;0.00;0.00;0.00;0.00;1037.55;1037.55;0.00;0.00;0.00;0.00;0.00;44330.00;44330.00;0.00;0.00;0.00;0.00;0.00;0.00;0.00;0.00;0.00;0;0;0;0;0;20;10;15.89;1.00;2.00;3.00;4.00;5.00;6.00;7.00;8.00;9.00;10.00;11.00;12.00;0.00;0;-115
749;54612;2.69;0.00;0.00;0.00;0.00;1037.55;1037.55;0.00;0.00;0.00;0.00;0.00;44330.00;44330.00;0.00;0.00;0.00;0.00;0.00;0.00;0.00;0.00;0.00;0;0;0;0;0;20;10;15.89;1.00;2.00;3.00;4.00;5.00;6.00;7.00;8.00;9.00;10.00;11.00;12.00;0.00;0;-115
750;54612;2.69;0.00;0.00;0.00;0.00;1037.55;1037.55;0.00;0.00;0.00;0.00;0.00;44330.00;44330.00;0.00;0.00;0.00;0.00;0.00;0.00;0.00;0.00;0.00;0;0;0;0;0;20;10;15.89;1.00;2.00;3.00;4.00;5.00;6.00;7.00;8.00;9.00;10.00;11.00;12.00;0.00;0;-114
751;54612;2.69;0.00;0.00;0.00;0.00;1037.55;1037.55;0.00;0.00;0.00;0.00;0.00;44330.00;44330.00;0.00;0.00;0.00;0.00;0.00;0.00;0.00;0.00;0.00;0;0;0;0;0;20;10;15.89;1.00;2.00;3.00;4.00;5.00;6.00;7.00;8.00;9.00;10.00;11.00;12.00;0.00;0;-114
752;54612;2.69;0.00;0.00;0.00;0.00;1037.55;1037.55;0.00;0.00;0.00;0.00;0.00;44330.00;44330.00;0.00;0.00;0.00;0.00;0.00;0.00;0.00;0.00;0.00;0;0;0;0;0;20;10;15.89;1.00;2.00;3.00;4.00;5.00;6.00;7.00;8.00;9.00;10.00;11.00;12.00;0.00;0;-113
753;54612;2.69;0.00;0.00;0.00;0.00;1037.55;1037.55;0.00;0.00;0.00;0.00;0.00;44330.00;44330.00;0.00;0.00;0.00;0.00;0.00;0.00;0.00;0.00;0.00;0;0;0;0;0;20;10;15.89;1.00;2.00;3.00;4.00;5.00;6.00;7.00;8.00;9.00;10.00;11.00;12.00;0.00;0;-115
754;54612;2.69;0.00;0.00;0.00;0.00;1037.55;1037.55;0.00;0.00;0.00;0.00;0.00;44330.00;44330.00;0.00;0.00;0.00;0.00;0.00;0.00;0.00;0.00;0.00;0;0;0;0;0;20;10;15.89;1.00;2.00;3.00;4.00;5.00;6.00;7.00;8.00;9.00;10.00;11.00;12.00;0.00;0;-112
755;54612;3.27;0.00;0.00;0.00;0.00;1037.55;1037.55;0.00;0.00;0.00;0.00;0.00;44330.00;44330.00;0.00;0.00;0.00;0.00;0.00;0.00;0.00;0.00;0.00;0;0;0;0;0;20;10;15.89;1.00;2.00;3.00;4.00;5.00;6.00;7.00;8.00;9.00;10.00;11.00;12.00;0.00;0;-114
756;54612;3.26;0.00;0.00;0.00;0.00;1037.55;1037.55;0.00;0.00;0.00;0.00;0.00;44330.00;44330.00;0.00;0.00;0.00;0.00;0.00;0.00;0.00;0.00;0.00;0;0;0;0;0;20;10;15.89;1.00;2.00;3.00;4.00;5.00;6.00;7.00;8.00;9.00;10.00;11.00;12.00;0.00;0;-112
756;54612;3.26;0.00;0.00;0.00;0.00;1037.55;1037.55;0.00;0.00;0.00;0.00;0.00;44330.00;44330.00;0.00;0.00;0.00;0.00;0.00;0.00;0.00;0.00;0.00;0;0;0;0;0;20;10;15.89;1.00;2.00;3.00;4.00;5.00;6.00;7.00;8.00;9.00;10.00;11.00;12.00;0.00;0;-112
759;54612;3.26;0.00;0.00;0.00;0.00;1037.55;1037.55;0.00;0.00;0.00;0.00;0.00;44330.00;44330.00;0.00;0.00;0.00;0.00;0.00;0.00;0.00;0.00;0.00;0;0;0;0;0;20;10;15.89;1.00;2.00;3.00;4.00;5.00;6.00;7.00;8.00;9.00;10.00;11.00;12.00;0.00;0;-112
760;54612;3.26;0.00;0.00;0.00;0.00;1037.55;1037.55;0.00;0.00;0.00;0.00;0.00;44330.00;44330.00;0.00;0.00;0.00;0.00;0.00;0.00;0.00;0.00;0.00;0;0;0;0;0;20;10;15.89;1.00;2.00;3.00;4.00;5.00;6.00;7.00;8.00;9.00;10.00;11.00;12.00;0.00;0;-113
762;54612;3.26;0.00;0.00;0.00;0.00;1037.55;1037.55;0.00;0.00;0.00;0.00;0.00;44330.00;44330.00;0.00;0.00;0.00;0.00;0.00;0.00;0.00;0.00;0.00;0;0;0;0;0;20;10;15.89;1.00;2.00;3.00;4.00;5.00;6.00;7.00;8.00;9.00;10.00;11.00;12.00;0.00;0;-71
763;54612;3.28;0.00;0.00;0.00;0.00;1037.55;1037.55;0.00;0.00;0.00;0.00;0.00;44330.00;44330.00;0.00;0.00;0.00;0.00;0.00;0.00;0.00;0.00;0.00;0;0;0;0;0;20;10;15.89;1.00;2.00;3.00;4.00;5.00;6.00;7.00;8.00;9.00;10.00;11.00;12.00;0.00;0;-112
763;54612;3.28;0.00;0.00;0.00;0.00;1037.55;1037.55;0.00;0.00;0.00;0.00;0.00;44330.00;44330.00;0.00;0.00;0.00;0.00;0.00;0.00;0.00;0.00;0.00;0;0;0;0;0;20;10;15.89;1.00;2.00;3.00;4.00;5.00;6.00;7.00;8.00;9.00;10.00;11.00;12.00;0.00;0;-112
764;54612;3.21;0.00;0.00;0.00;0.00;1037.55;1037.55;0.00;0.00;0.00;0.00;0.00;44330.00;44330.00;0.00;0.00;0.00;0.00;0.00;0.00;0.00;0.00;0.00;0;0;0;0;0;20;10;15.89;1.00;2.00;3.00;4.00;5.00;6.00;7.00;8.00;9.00;10.00;11.00;12.00;0.00;0;-113
766;54612;3.21;0.00;0.00;0.00;0.00;1037.55;1037.55;0.00;0.00;0.00;0.00;0.00;44330.00;44330.00;0.00;0.00;0.00;0.00;0.00;0.00;0.00;0.00;0.00;0;0;0;0;0;20;10;15.89;1.00;2.00;3.00;4.00;5.00;6.00;7.00;8.00;9.00;10.00;11.00;12.00;0.00;0;-112
766;54612;3.21;0.00;0.00;0.00;0.00;1037.55;1037.55;0.00;0.00;0.00;0.00;0.00;44330.00;44330.00;0.00;0.00;0.00;0.00;0.00;0.00;0.00;0.00;0.00;0;0;0;0;0;20;10;15.89;1.00;2.00;3.00;4.00;5.00;6.00;7.00;8.00;9.00;10.00;11.00;12.00;0.00;0;-112
767;54612;3.21;0.00;0.00;0.00;0.00;1037.55;1037.55;0.00;0.00;0.00;0.00;0.00;44330.00;44330.00;0.00;0.00;0.00;0.00;0.00;0.00;0.00;0.00;0.00;0;0;0;0;0;20;10;15.89;1.00;2.00;3.00;4.00;5.00;6.00;7.00;8.00;9.00;10.00;11.00;12.00;0.00;0;-115
768;54612;3.21;0.00;0.00;0.00;0.00;1037.55;1037.55;0.00;0.00;0.00;0.00;0.00;44330.00;44330.00;0.00;0.00;0.00;0.00;0.00;0.00;0.00;0.00;0.00;0;0;0;0;0;20;10;15.89;1.00;2.00;3.00;4.00;5.00;6.00;7.00;8.00;9.00;10.00;11.00;12.00;0.00;0;-112
769;54612;3.21;0.00;0.00;0.00;0.00;1037.55;1037.55;0.00;0.00;0.00;0.00;0.00;44330.00;44330.00;0.00;0.00;0.00;0.00;0.00;0.00;0.00;0.00;0.00;0;0;0;0;0;20;10;15.89;1.00;2.00;3.00;4.00;5.00;6.00;7.00;8.00;9.00;10.00;11.00;12.00;0.00;0;-111
770;54612;3.21;0.00;0.00;0.00;0.00;1037.55;1037.55;0.00;0.00;0.00;0.00;0.00;44330.00;44330.00;0.00;0.00;0.00;0.00;0.00;0.00;0.00;0.00;0.00;0;0;0;0;0;20;10;15.89;1.00;2.00;3.00;4.00;5.00;6.00;7.00;8.00;9.00;10.00;11.00;12.00;0.00;0;-113
770;54612;3.21;0.00;0.00;0.00;0.00;1037.55;1037.55;0.00;0.00;0.00;0.00;0.00;44330.00;44330.00;0.00;0.00;0.00;0.00;0.00;0.00;0.00;0.00;0.00;0;0;0;0;0;20;10;15.89;1.00;2.00;3.00;4.00;5.00;6.00;7.00;8.00;9.00;10.00;11.00;12.00;0.00;0;-113
771;54612;3.27;0.00;0.00;0.00;0.00;1037.55;1037.55;0.00;0.00;0.00;0.00;0.00;44330.00;44330.00;0.00;0.00;0.00;0.00;0.00;0.00;0.00;0.00;0.00;0;0;0;0;0;20;10;15.89;1.00;2.00;3.00;4.00;5.00;6.00;7.00;8.00;9.00;10.00;11.00;12.00;0.00;0;-114
772;54612;3.27;0.00;0.00;0.00;0.00;1037.55;1037.55;0.00;0.00;0.00;0.00;0.00;44330.00;44330.00;0.00;0.00;0.00;0.00;0.00;0.00;0.00;0.00;0.00;0;0;0;0;0;20;10;15.89;1.00;2.00;3.00;4.00;5.00;6.00;7.00;8.00;9.00;10.00;11.00;12.00;0.00;0;-116
774;54612;3.27;0.00;0.00;0.00;0.00;1037.55;1037.55;0.00;0.00;0.00;0.00;0.00;44330.00;44330.00;0.00;0.00;0.00;0.00;0.00;0.00;0.00;0.00;0.00;0;0;0;0;0;20;10;15.89;1.00;2.00;3.00;4.00;5.00;6.00;7.00;8.00;9.00;10.00;11.00;12.00;0.00;0;-113
775;54612;3.27;0.00;0.00;0.00;0.00;1037.55;1037.55;0.00;0.00;0.00;0.00;0.00;44330.00;44330.00;0.00;0.00;0.00;0.00;0.00;0.00;0.00;0.00;0.00;0;0;0;0;0;20;10;15.89;1.00;2.00;3.00;4.00;5.00;6.00;7.00;8.00;9.00;10.00;11.00;12.00;0.00;0;-112
776;54612;3.27;0.00;0.00;0.00;0.00;1037.55;1037.55;0.00;0.00;0.00;0.00;0.00;44330.00;44330.00;0.00;0.00;0.00;0.00;0.00;0.00;0.00;0.00;0.00;0;0;0;0;0;20;10;15.89;1.00;2.00;3.00;4.00;5.00;6.00;7.00;8.00;9.00;10.00;11.00;12.00;0.00;0;-114
777;54612;3.27;0.00;0.00;0.00;0.00;1037.55;1037.55;0.00;0.00;0.00;0.00;0.00;44330.00;44330.00;0.00;0.00;0.00;0.00;0.00;0.00;0.00;0.00;0.00;0;0;0;0;0;20;10;15.89;1.00;2.00;3.00;4.00;5.00;6.00;7.00;8.00;9.00;10.00;11.00;12.00;0.00;0;-115
778;54612;3.27;0.00;0.00;0.00;0.00;1037.55;1037.55;0.00;0.00;0.00;0.00;0.00;44330.00;44330.00;0.00;0.00;0.00;0.00;0.00;0.00;0.00;0.00;0.00;0;0;0;0;0;20;10;15.89;1.00;2.00;3.00;4.00;5.00;6.00;7.00;8.00;9.00;10.00;11.00;12.00;0.00;0;-112
779;54612;3.28;0.00;0.00;0.00;0.00;1037.55;1037.55;0.00;0.00;0.00;0.00;0.00;44330.00;44330.00;0.00;0.00;0.00;0.00;0.00;0.00;0.00;0.00;0.00;0;0;0;0;0;20;10;15.89;1.00;2.00;3.00;4.00;5.00;6.00;7.00;8.00;9.00;10.00;11.00;12.00;0.00;0;-71
780;54612;3.20;0.00;0.00;0.00;0.00;1037.55;1037.55;0.00;0.00;0.00;0.00;0.00;44330.00;44330.00;0.00;0.00;0.00;0.00;0.00;0.00;0.00;0.00;0.00;0;0;0;0;0;20;10;15.89;1.00;2.00;3.00;4.00;5.00;6.00;7.00;8.00;9.00;10.00;11.00;12.00;0.00;0;-114
781;54612;3.20;0.00;0.00;0.00;0.00;1037.55;1037.55;0.00;0.00;0.00;0.00;0.00;44330.00;44330.00;0.00;0.00;0.00;0.00;0.00;0.00;0.00;0.00;0.00;0;0;0;0;0;20;10;15.89;1.00;2.00;3.00;4.00;5.00;6.00;7.00;8.00;9.00;10.00;11.00;12.00;0.00;0;-115
783;54612;3.20;0.00;0.00;0.00;0.00;1037.55;1037.55;0.00;0.00;0.00;0.00;0.00;44330.00;44330.00;0.00;0.00;0.00;0.00;0.00;0.00;0.00;0.00;0.00;0;0;0;0;0;20;10;15.89;1.00;2.00;3.00;4.00;5.00;6.00;7.00;8.00;9.00;10.00;11.00;12.00;0.00;0;-115
784;54612;3.20;0.00;0.00;0.00;0.00;1037.55;1037.55;0.00;0.00;0.00;0.00;0.00;44330.00;44330.00;0.00;0.00;0.00;0.00;0.00;0.00;0.00;0.00;0.00;0;0;0;0;0;20;10;15.89;1.00;2.00;3.00;4.00;5.00;6.00;7.00;8.00;9.00;10.00;11.00;12.00;0.00;0;-112
786;54612;3.20;0.00;0.00;0.00;0.00;1037.55;1037.55;0.00;0.00;0.00;0.00;0.00;44330.00;44330.00;0.00;0.00;0.00;0.00;0.00;0.00;0.00;0.00;0.00;0;0;0;0;0;20;10;15.89;1.00;2.00;3.00;4.00;5.00;6.00;7.00;8.00;9.00;10.00;11.00;12.00;0.00;0;-115
787;54612;3.27;0.00;0.00;0.00;0.00;1037.55;1037.55;0.00;0.00;0.00;0.00;0.00;44330.00;44330.00;0.00;0.00;0.00;0.00;0.00;0.00;0.00;0.00;0.00;0;0;0;0;0;20;10;15.89;1.00;2.00;3.00;4.00;5.00;6.00;7.00;8.00;9.00;10.00;11.00;12.00;0.00;0;-115
789;54612;3.27;0.00;0.00;0.00;0.00;1037.55;1037.55;0.00;0.00;0.00;0.00;0.00;44330.00;44330.00;0.00;0.00;0.00;0.00;0.00;0.00;0.00;0.00;0.00;0;0;0;0;0;20;10;15.89;1.00;2.00;3.00;4.00;5.00;6.00;7.00;8.00;9.00;10.00;11.00;12.00;0.00;0;-115
791;54612;3.27;0.00;0.00;0.00;0.00;1037.55;1037.55;0.00;0.00;0.00;0.00;0.00;44330.00;44330.00;0.00;0.00;0.00;0.00;0.00;0.00;0.00;0.00;0.00;0;0;0;0;0;20;10;15.89;1.00;2.00;3.00;4.00;5.00;6.00;7.00;8.00;9.00;10.00;11.00;12.00;0.00;0;-113
792;54612;3.27;0.00;0.00;0.00;0.00;1037.55;1037.55;0.00;0.00;0.00;0.00;0.00;44330.00;44330.00;0.00;0.00;0.00;0.00;0.00;0.00;0.00;0.00;0.00;0;0;0;0;0;20;10;15.89;1.00;2.00;3.00;4.00;5.00;6.00;7.00;8.00;9.00;10.00;11.00;12.00;0.00;0;-115
793;54612;3.27;0.00;0.00;0.00;0.00;1037.55;1037.55;0.00;0.00;0.00;0.00;0.00;44330.00;44330.00;0.00;0.00;0.00;0.00;0.00;0.00;0.00;0.00;0.00;0;0;0;0;0;20;10;15.89;1.00;2.00;3.00;4.00;5.00;6.00;7.00;8.00;9.00;10.00;11.00;12.00;0.00;0;-74
794;54612;3.27;0.00;0.00;0.00;0.00;1037.55;1037.55;0.00;0.00;0.00;0.00;0.00;44330.00;44330.00;0.00;0.00;0.00;0.00;0.00;0.00;0.00;0.00;0.00;0;0;0;0;0;20;10;15.89;1.00;2.00;3.00;4.00;5.00;6.00;7.00;8.00;9.00;10.00;11.00;12.00;0.00;0;-115
796;54612;3.22;0.00;0.00;0.00;0.00;1037.55;1037.55;0.00;0.00;0.00;0.00;0.00;44330.00;44330.00;0.00;0.00;0.00;0.00;0.00;0.00;0.00;0.00;0.00;0;0;0;0;0;20;10;15.89;1.00;2.00;3.00;4.00;5.00;6.00;7.00;8.00;9.00;10.00;11.00;12.00;0.00;0;-113
797;54612;3.22;0.00;0.00;0.00;0.00;1037.55;1037.55;0.00;0.00;0.00;0.00;0.00;44330.00;44330.00;0.00;0.00;0.00;0.00;0.00;0.00;0.00;0.00;0.00;0;0;0;0;0;20;10;15.89;1.00;2.00;3.00;4.00;5.00;6.00;7.00;8.00;9.00;10.00;11.00;12.00;0.00;0;-113
799;54612;3.22;0.00;0.00;0.00;0.00;1037.55;1037.55;0.00;0.00;0.00;0.00;0.00;44330.00;44330.00;0.00;0.00;0.00;0.00;0.00;0.00;0.00;0.00;0.00;0;0;0;0;0;20;10;15.89;1.00;2.00;3.00;4.00;5.00;6.00;7.00;8.00;9.00;10.00;11.00;12.00;0.00;0;-113
800;54612;3.22;0.00;0.00;0.00;0.00;1037.55;1037.55;0.00;0.00;0.00;0.00;0.00;44330.00;44330.00;0.00;0.00;0.00;0.00;0.00;0.00;0.00;0.00;0.00;0;0;0;0;0;20;10;15.89;1.00;2.00;3.00;4.00;5.00;6.00;7.00;8.00;9.00;10.00;11.00;12.00;0.00;0;-112
801;54612;3.22;0.00;0.00;0.00;0.00;1037.55;1037.55;0.00;0.00;0.00;0.00;0.00;44330.00;44330.00;0.00;0.00;0.00;0.00;0.00;0.00;0.00;0.00;0.00;0;0;0;0;0;20;10;15.89;1.00;2.00;3.00;4.00;5.00;6.00;7.00;8.00;9.00;10.00;11.00;12.00;0.00;0;-112
802;54612;3.22;0.00;0.00;0.00;0.00;1037.55;1037.55;0.00;0.00;0.00;0.00;0.00;44330.00;44330.00;0.00;0.00;0.00;0.00;0.00;0.00;0.00;0.00;0.00;0;0;0;0;0;20;10;15.89;1.00;2.00;3.00;4.00;5.00;6.00;7.00;8.00;9.00;10.00;11.00;12.00;0.00;0;-112
803;54612;3.28;0.00;0.00;0.00;0.00;1037.55;1037.55;0.00;0.00;0.00;0.00;0.00;44330.00;44330.00;0.00;0.00;0.00;0.00;0.00;0.00;0.00;0.00;0.00;0;0;0;0;0;20;10;15.89;1.00;2.00;3.00;4.00;5.00;6.00;7.00;8.00;9.00;10.00;11.00;12.00;0.00;0;-111
805;54612;3.28;0.00;0.00;0.00;0.00;1037.55;1037.55;0.00;0.00;0.00;0.00;0.00;44330.00;44330.00;0.00;0.00;0.00;0.00;0.00;0.00;0.00;0.00;0.00;0;0;0;0;0;20;10;15.89;1.00;2.00;3.00;4.00;5.00;6.00;7.00;8.00;9.00;10.00;11.00;12.00;0.00;0;-114
807;54612;3.28;0.00;0.00;0.00;0.00;1037.55;1037.55;0.00;0.00;0.00;0.00;0.00;44330.00;44330.00;0.00;0.00;0.00;0.00;0.00;0.00;0.00;0.00;0.00;0;0;0;0;0;20;10;15.89;1.00;2.00;3.00;4.00;5.00;6.00;7.00;8.00;9.00;10.00;11.00;12.00;0.00;0;-112
808;54612;3.28;0.00;0.00;0.00;0.00;1037.55;1037.55;0.00;0.00;0.00;0.00;0.00;44330.00;44330.00;0.00;0.00;0.00;0.00;0.00;0.00;0.00;0.00;0.00;0;0;0;0;0;20;10;15.89;1.00;2.00;3.00;4.00;5.00;6.00;7.00;8.00;9.00;10.00;11.00;12.00;0.00;0;-112
810;54612;3.28;0.00;0.00;0.00;0.00;1037.55;1037.55;0.00;0.00;0.00;0.00;0.00;44330.00;44330.00;0.00;0.00;0.00;0.00;0.00;0.00;0.00;0.00;0.00;0;0;0;0;0;20;10;15.89;1.00;2.00;3.00;4.00;5.00;6.00;7.00;8.00;9.00;10.00;11.00;12.00;0.00;0;-115
811;54612;3.33;0.00;0.00;0.00;0.00;1037.55;1037.55;0.00;0.00;0.00;0.00;0.00;44330.00;44330.00;0.00;0.00;0.00;0.00;0.00;0.00;0.00;0.00;0.00;0;0;0;0;0;20;10;15.89;1.00;2.00;3.00;4.00;5.00;6.00;7.00;8.00;9.00;10.00;11.00;12.00;0.00;0;-73
812;54612;3.28;0.00;0.00;0.00;0.00;1037.55;1037.55;0.00;0.00;0.00;0.00;0.00;44330.00;44330.00;0.00;0.00;0.00;0.00;0.00;0.00;0.00;0.00;0.00;0;0;0;0;0;20;10;15.89;1.00;2.00;3.00;4.00;5.00;6.00;7.00;8.00;9.00;10.00;11.00;12.00;0.00;0;-111
813;54612;3.28;0.00;0.00;0.00;0.00;1037.55;1037.55;0.00;0.00;0.00;0.00;0.00;44330.00;44330.00;0.00;0.00;0.00;0.00;0.00;0.00;0.00;0.00;0.00;0;0;0;0;0;20;10;15.89;1.00;2.00;3.00;4.00;5.00;6.00;7.00;8.00;9.00;10.00;11.00;12.00;0.00;0;-112
815;54612;3.28;0.00;0.00;0.00;0.00;1037.55;1037.55;0.00;0.00;0.00;0.00;0.00;44330.00;44330.00;0.00;0.00;0.00;0.00;0.00;0.00;0.00;0.00;0.00;0;0;0;0;0;20;10;15.89;1.00;2.00;3.00;4.00;5.00;6.00;7.00;8.00;9.00;10.00;11.00;12.00;0.00;0;-111
816;54612;3.28;0.00;0.00;0.00;0.00;1037.55;1037.55;0.00;0.00;0.00;0.00;0.00;44330.00;44330.00;0.00;0.00;0.00;0.00;0.00;0.00;0.00;0.00;0.00;0;0;0;0;0;20;10;15.89;1.00;2.00;3.00;4.00;5.00;6.00;7.00;8.00;9.00;10.00;11.00;12.00;0.00;0;-116
817;54612;3.28;0.00;0.00;0.00;0.00;1037.55;1037.55;0.00;0.00;0.00;0.00;0.00;44330.00;44330.00;0.00;0.00;0.00;0.00;0.00;0.00;0.00;0.00;0.00;0;0;0;0;0;20;10;15.89;1.00;2.00;3.00;4.00;5.00;6.00;7.00;8.00;9.00;10.00;11.00;12.00;0.00;0;-115
818;54612;3.28;0.00;0.00;0.00;0.00;1037.55;1037.55;0.00;0.00;0.00;0.00;0.00;44330.00;44330.00;0.00;0.00;0.00;0.00;0.00;0.00;0.00;0.00;0.00;0;0;0;0;0;20;10;15.89;1.00;2.00;3.00;4.00;5.00;6.00;7.00;8.00;9.00;10.00;11.00;12.00;0.00;0;-113
821;54612;3.28;0.00;0.00;0.00;0.00;1037.55;1037.55;0.00;0.00;0.00;0.00;0.00;44330.00;44330.00;0.00;0.00;0.00;0.00;0.00;0.00;0.00;0.00;0.00;0;0;0;0;0;20;10;15.89;1.00;2.00;3.00;4.00;5.00;6.00;7.00;8.00;9.00;10.00;11.00;12.00;0.00;0;-116
822;54612;3.28;0.00;0.00;0.00;0.00;1037.55;1037.55;0.00;0.00;0.00;0.00;0.00;44330.00;44330.00;0.00;0.00;0.00;0.00;0.00;0.00;0.00;0.00;0.00;0;0;0;0;0;20;10;15.89;1.00;2.00;3.00;4.00;5.00;6.00;7.00;8.00;9.00;10.00;11.00;12.00;0.00;0;-113
822;54612;3.28;0.00;0.00;0.00;0.00;1037.55;1037.55;0.00;0.00;0.00;0.00;0.00;44330.00;44330.00;0.00;0.00;0.00;0.00;0.00;0.00;0.00;0.00;0.00;0;0;0;0;0;20;10;15.89;1.00;2.00;3.00;4.00;5.00;6.00;7.00;8.00;9.00;10.00;11.00;12.00;0.00;0;-113
823;54612;3.28;0.00;0.00;0.00;0.00;1037.55;1037.55;0.00;0.00;0.00;0.00;0.00;44330.00;44330.00;0.00;0.00;0.00;0.00;0.00;0.00;0.00;0.00;0.00;0;0;0;0;0;20;10;15.89;1.00;2.00;3.00;4.00;5.00;6.00;7.00;8.00;9.00;10.00;11.00;12.00;0.00;0;-74
824;54612;3.28;0.00;0.00;0.00;0.00;1037.55;1037.55;0.00;0.00;0.00;0.00;0.00;44330.00;44330.00;0.00;0.00;0.00;0.00;0.00;0.00;0.00;0.00;0.00;0;0;0;0;0;20;10;15.89;1.00;2.00;3.00;4.00;5.00;6.00;7.00;8.00;9.00;10.00;11.00;12.00;0.00;0;-113
825;54612;3.28;0.00;0.00;0.00;0.00;1037.55;1037.55;0.00;0.00;0.00;0.00;0.00;44330.00;44330.00;0.00;0.00;0.00;0.00;0.00;0.00;0.00;0.00;0.00;0;0;0;0;0;20;10;15.89;1.00;2.00;3.00;4.00;5.00;6.00;7.00;8.00;9.00;10.00;11.00;12.00;0.00;0;-114
